-- NOTE: We are going completely to _underscore_ syntax --

-- Dumping database structure for bika
DROP DATABASE IF EXISTS `bika`;
CREATE DATABASE IF NOT EXISTS `bika` /*!40100 DEFAULT CHARACTER SET utf8 */;
USE `bika`;
GRANT ALL ON `bika`.* TO 'bika'@'%' IDENTIFIED BY 'HISCongo2013';

-- Dumping structure for table bika.enterprise
DROP TABLE IF EXISTS `enterprise`;
CREATE TABLE IF NOT EXISTS `enterprise` (
  `id` smallint unsigned NOT NULL AUTO_INCREMENT,
  `region` varchar(70) NOT NULL,
  `country` varchar(70) NOT NULL,
  `city` varchar(70) NOT NULL,
  `name` varchar(70) NOT NULL,
  `phone` varchar(20) NOT NULL,
  `email` varchar(70) NOT NULL,
  `type` varchar(70) NOT NULL,
  `cash_account` mediumint(8) unsigned NOT NULL,
  PRIMARY KEY (`id`),
  KEY `enterprise_ibfk_1` (`cash_account`)
) ENGINE=InnoDB CHARSET=utf8;

-- Dumping structure for table bika.account_type
DROP TABLE IF EXISTS `account_type`;
CREATE TABLE IF NOT EXISTS `account_type` (
  `id` mediumint(8) unsigned NOT NULL,
  `type` varchar(35) NOT NULL,
  PRIMARY KEY (`id`)
) ENGINE=InnoDB DEFAULT CHARSET=utf8;

/*!40000 ALTER TABLE `account_type` DISABLE KEYS */;
REPLACE INTO `account_type` (`id`, `type`) VALUES
    (1, 'income/expense'),
    (2, 'balance'),
    (3, 'title');
/*!40000 ALTER TABLE `account_type` ENABLE KEYS */;


/*!40000 ALTER TABLE `enterprise` DISABLE KEYS */;

REPLACE INTO `enterprise` (`id`, `region`, `country`, `city`, `name`, `phone`, `email`, `type`, `cash_account`) VALUES
    (101, 'Kinshasa', 'RDC', 'Kinshasa', 'IMA', '9419614377', 'jniles@example.com', '1', 570000),
    (102, 'Bandundu', 'RDC', 'Kikwit', 'IMAKik', '--', 'jniles@example.com', '1', 570000);

/*!40000 ALTER TABLE `enterprise` ENABLE KEYS */;
-- Dumping structure for table bika.account
DROP TABLE IF EXISTS `account`;
CREATE TABLE IF NOT EXISTS `account` (
  `enterprise_id` smallint unsigned NOT NULL,
  `id` mediumint unsigned NOT NULL AUTO_INCREMENT,
  `locked` tinyint(1) NOT NULL,
  `account_txt` text,
  `account_type_id` mediumint(8) unsigned NOT NULL,
  `account_category` text NOT NULL,
  `cost_center_code_1` text DEFAULT NULL,
  `cost_center_code_2` text DEFAULT NULL,
  `cost_center_code_3` text DEFAULT NULL,
  `cost_center_code_4` text DEFAULT NULL,
  PRIMARY KEY (`id`),
  KEY `enterprise_id` (`enterprise_id`),
  KEY `account_type_id` (`account_type_id`),
  CONSTRAINT `account_ibfk_1` FOREIGN KEY (`enterprise_id`) REFERENCES `enterprise` (`id`),
  CONSTRAINT `account_ibfk_2` FOREIGN KEY (`account_type_id`) REFERENCES `account_type` (`id`)
) ENGINE=InnoDB AUTO_INCREMENT=760501 DEFAULT CHARSET=utf8;

-- Dumping data for table bika.account: ~197 rows (environ)
/*!40000 ALTER TABLE `account` DISABLE KEYS */;
INSERT INTO `account` (`enterprise_id`, `id`, `locked`, `account_txt`, `account_type_id`, `account_category`) VALUES
    (101, 100000, 0, 'capital social', 1, '300'),
    (101, 110000, 0, 'reserves', 1, '300'),
    (101, 120000, 0, 'report', 1, '300'),
    (101, 130000, 0, 'resultat', 1, '300'),
    (101, 130100, 0, 'benefice', 1, '300'),
    (101, 130200, 0, 'perte', 1, '300'),
    (101, 150000, 0, 'subventions d\'equipement', 1, '300'),
    (101, 150100, 0, 'etat', 1, '300'),
    (101, 150200, 0, 'organismes prives outre-mer', 1, '300'),
    (101, 160000, 0, 'emprunts et dettes a long terme', 1, '300'),
    (101, 170000, 0, 'emprunts et dettes a moyen terme', 1, '300'),
    (101, 180000, 0, 'provisions pour charges et pertes', 1, '300'),
    (101, 210000, 1, 'terrains', 1, '300'),
    (101, 220000, 1, 'immobilisations corporelles', 1, '300'),
    (101, 220100, 1, 'batiments et constructions (d\'exploitation)', 1, '300'),
    (101, 220200, 1, 'batiments residentiels', 1, '300'),
    (101, 220300, 1, 'installations d\'utilisation generale', 1, '300'),
    (101, 220400, 1, 'ambulances', 1, '300'),
    (101, 220500, 1, 'autres vehicules', 1, '300'),
    (101, 220600, 1, 'motos', 1, '300'),
    (101, 220700, 1, 'grands materiels hospitaliers', 1, '300'),
    (101, 220800, 1, 'centrales electriques', 1, '300'),
    (101, 220900, 1, 'autres materiels hospitaliers (radios,autoclaves)', 1, '300'),
    (101, 221000, 1, 'mobiliers de services', 1, '300'),
    (101, 221100, 1, 'mobiliers residentiels', 1, '300'),
    (101, 230000, 1, 'immobilisations corporelles en cours', 1, '300'),
    (101, 230100, 1, 'batiment en construction', 1, '300'),
    (101, 230200, 1, 'batiment residentiels en construction', 1, '300'),
    (101, 240000, 1, 'avances et acomptes sur immobilisations en commande', 1, '300'),
    (101, 240100, 1, 'batiments (tous)', 1, '300'),
    (101, 240200, 1, 'materiels (tous)', 1, '300'),
    (101, 240300, 1, 'mobiliers (tous)', 1, '300'),
    (101, 280000, 1, 'amortissemnts et provisions pour depreciation de la classe 2', 1, '300'),
    (101, 280100, 1, 'provision pour depreciation', 1, '300'),
    (101, 300000, 1, 'stocks medicaments et fiches', 1, '300'),
    (101, 300100, 1, 'pharmacie des stocks', 1, '300'),
    (101, 300200, 1, 'pharmacie d\'usage', 1, '300'),
    (101, 300300, 1, 'stock des fiches des malades', 1, '300'),
    (101, 300400, 1, 'fardes chemises pour des malades', 1, '300'),
    (101, 300500, 1, 'materiels', 1, '300'),
    (101, 310000, 1, 'autres matieres et fournitures', 1, '300'),
    (101, 310100, 1, 'planches', 1, '300'),
    (101, 310200, 1, 'toles', 1, '300'),
    (101, 310300, 1, 'ciments', 1, '300'),
    (101, 310400, 1, 'linges (literie)', 1, '300'),
    (101, 310500, 1, 'petrole', 1, '300'),
    (101, 310600, 1, 'carburants et huiles', 1, '300'),
    (101, 310700, 1, 'fournitures de bureau', 1, '300'),
    (101, 310800, 1, 'denrees alimentaires (a distribuer aux malades)', 1, '300'),
    (101, 310900, 1, 'divers stock', 1, '300'),
    (101, 311000, 1, 'pieces des rechanges', 1, '300'),
    (101, 311100, 1, 'cantine HEV', 1, '300'),
    (101, 360000, 1, 'socks a l\'exterieur', 1, '300'),
    (101, 380000, 1, 'provision pour depreciation de la classe 3', 1, '300'),
    (101, 400000, 1, 'fournisseur', 1, '300'),
    (101, 400100, 1, 'pharmacie centrale', 1, '300'),
    (101, 400200, 1, 'VEE', 1, '300'),
    (101, 400300, 1, 'autres fournisseurs', 1, '300'),
    (101, 410000, 1, 'clents', 1, '300'),
    (101, 410100, 1, 'bureau centrale de zone', 1, '300'),
    (101, 410200, 1, 'ITM Vanga', 1, '300'),
    (101, 410300, 1, 'pharmacie centrale', 1, '300'),
    (101, 410400, 1, 'frere CT', 1, '300'),
    (101, 410600, 1, NULL, 1, '300'),
    (101, 410700, 1, 'personnel de l\'HE', 1, '300'),
    (101, 410800, 1, 'autres clents', 1, '300'),
    (101, 410900, 1, 'construction vanga', 1, '300'),
    (101, 411000, 1, 'PAEV/Vanga', 1, '300'),
    (101, 411100, 1, 'ACDI/Lusekele', 1, '300'),
    (101, 411200, 1, 'MAF/Vanga', 1, '300'),
    (101, 420000, 1, 'personnel', 1, '300'),
    (101, 420100, 1, 'avances sur salaires au personnel', 1, '300'),
    (101, 420200, 1, 'remunerations dues', 1, '300'),
    (101, 420300, 1, 'toles pour agents', 1, '300'),
    (101, 430000, 1, 'Etat', 1, '300'),
    (101, 430100, 1, 'CPR', 1, '300'),
    (101, 430200, 1, 'autres taxes', 1, '300'),
    (101, 460000, 0, 'debiteurs et crediteurs divers', 1, '300'),
    (101, 460100, 0, 'INSS', 1, '300'),
    (101, 460200, 0, 'syndicat', 1, '300'),
    (101, 460300, 0, 'debiteurs divers', 1, '300'),
    (101, 460400, 0, 'crediteurs divers', 1, '300'),
    (101, 460500, 0, 'location des livres', 1, '300'),
    (101, 460600, 0, 'salaire agents clemmer', 1, '300'),
    (101, 470000, 0, 'regularisations et charges a etaler', 1, '300'),
    (101, 470100, 0, 'regularisations actives', 1, '300'),
    (101, 470200, 0, 'regularisations passives', 1, '300'),
    (101, 470300, 0, 'compte d\'attente a regulariser', 1, '300'),
    (101, 480000, 0, 'provision pour depreciation de la classe 3', 1, '300'),
    (101, 490000, 0, 'compte d\'attente a regulariser', 1, '300'),
    (101, 510000, 0, 'pret social du personnel', 1, '300'),
    (101, 550000, 0, 'cheque a encaisser (remise cheque)', 1, '300'),
    (101, 560000, 0, 'banque et coopec', 1, '300'),
    (101, 560100, 0, 'BCZ Kikwit', 1, '300'),
    (101, 560200, 0, 'Tresorerie generale', 1, '300'),
    (101, 560300, 0, 'COOPEC', 1, '300'),
    (101, 560400, 0, 'Pharmacie centrale compte epargne', 1, '300'),
    (101, 570000, 0, 'caisse', 1, '300'),
    (101, 590000, 0, 'virement interne', 1, '300'),
    (101, 600000, 0, 'stocks vendus', 1, '300'),
    (101, 600100, 0, 'Medicaments vendus aux malades', 1, '300'),
    (101, 600200, 0, 'Medicaments transferes aux services hospitaliers', 1, '300'),
    (101, 600300, 0, 'fiches vendues(fiches malades et fardes)', 1, '300'),
    (101, 600400, 0, 'Materiels(Rx,...)', 1, '300'),
    (101, 610000, 0, 'Matieres et fournitures consommees', 1, '300'),
    (101, 610100, 0, 'planches consommees', 1, '300'),
    (101, 610200, 0, 'toles consommees', 1, '300'),
    (101, 610300, 0, 'ciments consommes', 1, '300'),
    (101, 610400, 0, 'linges consommees', 1, '300'),
    (101, 610500, 0, 'petrole consomme', 1, '300'),
    (101, 610600, 0, 'carburants et huiles consommes', 1, '300'),
    (101, 610700, 0, 'fourniture de bureau consommees', 1, '300'),
    (101, 610800, 0, 'denrhees alimentaires aux malades', 1, '300'),
    (101, 610900, 0, 'divers consommes', 1, '300'),
    (101, 611000, 0, 'pieces de rechange consommes', 1, '300'),
    (101, 611100, 0, 'Electricite', 1, '300'),
    (101, 611200, 0, 'white cross', 1, '300'),
    (101, 620000, 0, 'transport consomme', 1, '300'),
    (101, 620100, 0, 'transport routier', 1, '300'),
    (101, 620200, 0, 'transport aerien', 1, '300'),
    (101, 620300, 0, 'Transport fluvial', 1, '300'),
    (101, 630000, 0, 'autres services consommes', 1, '300'),
    (101, 630100, 0, 'Honraires des medecins', 1, '300'),
    (101, 630200, 0, 'Entretien des batiments', 1, '300'),
    (101, 630300, 0, 'salaires des journaliers', 1, '300'),
    (101, 630400, 0, 'autres services consommes', 1, '300'),
    (101, 630500, 0, 'frais de mission', 1, '300'),
    (101, 630600, 0, 'Frais bancaires', 1, '300'),
    (101, 630700, 0, 'Frais de reparation', 1, '300'),
    (101, 630800, 0, 'loyers payes', 1, '300'),
    (101, 630900, 0, 'Publicite et annoces', 1, '300'),
    (101, 631000, 0, 'PTT', 1, '300'),
    (101, 640000, 0, 'charges et pertes diverses', 1, '300'),
    (101, 640100, 0, 'soins medicaux aux pensionnes', 1, '300'),
    (101, 640200, 0, 'Assurances de vehicules', 1, '300'),
    (101, 640300, 0, 'Assurances de motos', 1, '300'),
    (101, 640400, 0, 'Dons et liberalites(charges et pertes diverses)', 1, '300'),
    (101, 640500, 0, 'Perte de change', 1, '300'),
    (101, 640600, 0, 'Autres charges et pertes', 1, '300'),
    (101, 640800, 0, 'Contributions', 1, '300'),
    (101, 640900, 0, 'Receptions', 1, '300'),
    (101, 641000, 0, 'Soins aux pauvres', 1, '300'),
    (101, 650000, 0, 'Charge du personnel', 1, '300'),
    (101, 650100, 0, 'Salaires bruts', 1, '300'),
    (101, 650200, 0, 'Decompte final', 1, '300'),
    (101, 650300, 0, 'Soins medicaux aux personnels', 1, '300'),
    (101, 650400, 0, 'Complement slaires aux medecins', 1, '300'),
    (101, 650500, 1, 'Autres personnels missionnaires', 1, '300'),
    (101, 650600, 0, 'INSS(Quote part natiional)', 1, '300'),
    (101, 650700, 0, 'Autres charges du personnel', 1, '300'),
    (101, 650800, 0, 'Conges payes', 1, '300'),
    (101, 650900, 0, 'Pecules de conge', 1, '300'),
    (101, 651000, 0, 'Salaires agents Directeur Clemmer', 1, '300'),
    (101, 651100, 0, 'Subvention CS', 1, '300'),
    (101, 660000, 0, 'Taxes divers', 1, '300'),
    (101, 660100, 0, 'TAxes sur vehicules', 1, '300'),
    (101, 660200, 0, 'Taxes sur motos', 1, '300'),
    (101, 660300, 0, 'Taxes diverses', 1, '300'),
    (101, 670000, 0, 'Interets payes', 1, '300'),
    (101, 680000, 0, 'Dotations aux amortissements et provisions', 1, '300'),
    (101, 680100, 0, 'Batiments et constructions', 1, '300'),
    (101, 680200, 0, 'Batiments residentiels', 1, '300'),
    (101, 681200, 0, 'Autrea dotations et provisions', 1, '300'),
    (101, 700000, 0, 'Vente des medicaments et fiches', 1, '300'),
    (101, 700100, 0, 'Pharmacie d\'usage', 1, '300'),
    (101, 700200, 0, 'Ventes fiches', 1, '300'),
    (101, 710000, 0, 'Recettes d\'activites', 1, '300'),
    (101, 710100, 0, 'Pavillion(medical et chirurgical)', 1, '300'),
    (101, 710200, 0, 'Laboratoire', 1, '300'),
    (101, 710300, 0, 'Radiologie', 1, '300'),
    (101, 710400, 0, 'Chirurgie', 1, '300'),
    (101, 710500, 0, 'Pediatrie', 1, '300'),
    (101, 710600, 0, 'Maternite', 1, '300'),
    (101, 710700, 0, 'consultation polyclinique', 1, '300'),
    (101, 710800, 0, 'Clinique privee', 1, '300'),
    (101, 710900, 0, 'Dentisterie', 1, '300'),
    (101, 711000, 0, 'Ophtalmologie', 1, '300'),
    (101, 711100, 0, 'Administration', 1, '300'),
    (101, 711200, 0, 'Kinesitherapie', 1, '300'),
    (101, 711300, 0, 'Sanatorium', 1, '300'),
    (101, 711400, 0, 'Centre nutritionnel', 1, '300'),
    (101, 711500, 0, 'Sions intensifs', 1, '300'),
    (101, 711619, 0, 'Echographie', 1, '300'),
    (101, 711720, 0, 'ECG', 1, '300'),
    (101, 730000, 0, 'Travail propre et charge a etaler', 1, '300'),
    (101, 730100, 0, 'Travail propre', 1, '300'),
    (101, 730200, 0, 'Charges a etaler', 1, '300'),
    (101, 740000, 0, 'Produits et profits divers', 1, '300'),
    (101, 740100, 0, 'produits divers', 1, '300'),
    (101, 740200, 0, 'Profits divers', 1, '300'),
    (101, 740300, 0, 'Frais de formation', 1, '300'),
    (101, 760000, 0, 'Subvention d\'exploitation', 1, '300'),
    (101, 760100, 0, 'Salaire de d\'etat', 1, '300'),
    (101, 760200, 0, 'Autres subventions de l\'etat', 1, '300'),
    (101, 760300, 0, 'Subventions organismes prives', 1, '300'),
    (101, 760400, 0, 'Subventions locales', 1, '300'),
    (101, 760500, 0, 'Autres subventions', 1, '300');
/*!40000 ALTER TABLE `account` ENABLE KEYS */;

--
-- `bika`.`currency`
--
DROP TABLE IF EXISTS `currency`;
CREATE TABLE IF NOT EXISTS `currency` (
  `id` tinyint unsigned NOT NULL,
  `name` text NOT NULL,
  `symbol` varchar(15) NOT NULL,
  `note` text,
  `current_rate` mediumint unsigned,
  `last_rate` mediumint unsigned,
  `updated` date NOT NULL,
  PRIMARY KEY (`id`)
) ENGINE=InnoDB;

--
-- table `bika`.`fiscal_year`
--
DROP TABLE IF EXISTS `fiscal_year`;
CREATE TABLE IF NOT EXISTS `fiscal_year` (
  `enterprise_id` smallint unsigned NOT NULL,
  `id` mediumint unsigned NOT NULL,
  `number_of_months` mediumint(8) unsigned NOT NULL,
  `fiscal_year_txt` text NOT NULL,
  `transaction_start_number` int(10) unsigned NOT NULL,
  `transaction_stop_number` int(10) unsigned NOT NULL,
  `fiscal_year_number` mediumint(9) NOT NULL,
  `start_month` int(10) unsigned NOT NULL,
  `start_year` int(10) unsigned NOT NULL,
  -- making baby databases cry - TODO: improve this in the future (columns from S. Tracker)
  `previous_fiscal_year` mediumint(8) unsigned,
  `next_fiscal_year` mediumint(8) unsigned,
  PRIMARY KEY (`id`),
  KEY `enterprise_id` (`enterprise_id`),
  CONSTRAINT `fiscal_year_ibfk_1` FOREIGN KEY (`enterprise_id`) REFERENCES `enterprise` (`id`)
) ENGINE=InnoDB DEFAULT CHARSET=latin1;

-- Dumping data for table bika.fiscal_year: ~2 rows (environ)
/*!40000 ALTER TABLE `fiscal_year` DISABLE KEYS */;
INSERT INTO `fiscal_year` (`enterprise_id`, `id`, `number_of_months`, `fiscal_year_txt`, `transaction_start_number`, `transaction_stop_number`, `fiscal_year_number`, `start_month`, `start_year`, `previous_fiscal_year`, `next_fiscal_year`) VALUES
    (101, 2013001, 5, 'The First Fiscal Year of Company 101', 0, 100, 1, 7, 2013, NULL, 2014001),
    (102, 2013011, 5, 'The First Fiscal Year of Company 102', 1000, 1100, 1, 7, 2013, NULL, 2014011),
    (101, 2014001, 3, 'The Second Fiscal Year of Company 101', 1200, 5000, 1, 10, 2014, 2013001, NULL),
    (102, 2014011, 12, 'The Second Fiscal Year of Company 102', 1200, 5000, 1, 1, 2014, 2013011, NULL);
/*!40000 ALTER TABLE `fiscal_year` ENABLE KEYS */;

-- Dumping structure for table bika.user
DROP TABLE IF EXISTS `user`;
CREATE TABLE IF NOT EXISTS `user` (
  `id` smallint(5) unsigned NOT NULL AUTO_INCREMENT,
  `username` varchar(80) NOT NULL,
  `password` varchar(100) NOT NULL,
  `first` text NOT NULL,
  `last` text NOT NULL,
  `email` varchar(100) DEFAULT NULL,
  `logged_in` tinyint(1) NOT NULL DEFAULT '0',
  PRIMARY KEY (`id`)
) ENGINE=InnoDB AUTO_INCREMENT=13 DEFAULT CHARSET=utf8;

/*!40000 ALTER TABLE `user` DISABLE KEYS */;
REPLACE INTO `user` (`id`, `username`, `password`, `first`, `last`, `email`, `logged_in`) VALUES
    (1, 'jniles', 'malamumoke', 'Jonathan', 'Niles', 'jonathanwniles@gmail.com', 0),
    (2, 'chris', 'c', 'CHRIS ', 'LOMAME', 'chris@ima.org', 0),
    (3, 'rdc', 'r', 'CONGO', 'DEMOCRATIQUE', 'rdc@rdc.cd', 0),
    (4, 'docta', 'd', 'Docteur House', 'Machine', 'd@his.cd', 0),
    (5, 'compta', 'c', 'Comptable', 'Analytique', 'c@his.cd', 0),
    (6, 'manager', 'm', 'Manager', 'Nationale', 'm@his.cd', 0),
    (7, 'admin', 'his', 'Simple', 'ADMINISTRATOR', 'admin@his', 0),
    (8, 'd1', 'd', 'Docteur Comptable', 'Médecin Economiste', 'dm@his.com', 0),
    (9, 'm1', 'm', 'Manager Administrateur', 'Gerant Systeme', 'manage@his.cd', 0),
    (10, 'docta1', 'dd', 'Docteur Simple', 'Limité', 'doctasimple@his.cd', 0),
    (11, 'admin', 'lmt', 'Administrateur', 'Limite', 'adminlimit@his.com', 0),
    (12, 'fin', 'f', 'Financier subalterne', 'Sous Financier', 'finance@his.com', 0),
    (13, 'sfount', '1', 'Steven', 'Fountain', 'StevenFountain@live.co.uk', 0);
/*!40000 ALTER TABLE `user` ENABLE KEYS */;

--
-- table `bika`.`journal`

-- Dumping structure for table bika.journal
DROP TABLE IF EXISTS `journal`;
CREATE TABLE IF NOT EXISTS `journal` (
  `fiscal_year_id` mediumint unsigned NOT NULL,
  `id` mediumint unsigned NOT NULL,
  `date` date NOT NULL,
  `user_id` smallint unsigned NOT NULL,
  PRIMARY KEY (`id`),
  KEY `fiscal_year_id` (`fiscal_year_id`),
  KEY `user_id` (`user_id`),
  CONSTRAINT `journal_ibfk_1` FOREIGN KEY (`fiscal_year_id`) REFERENCES `fiscal_year` (`id`),
  CONSTRAINT `journal_ibfk_2` FOREIGN KEY (`user_id`) REFERENCES `user` (`id`)
) ENGINE=InnoDB;

/*!40000 ALTER TABLE `journal` DISABLE KEYS */;
REPLACE INTO `journal` (`fiscal_year_id`, `id`, `date`, `user_id`) VALUES
    (2013001, 1000, '2013-07-23', 1);
/*!40000 ALTER TABLE `journal` ENABLE KEYS */;

--
-- table `bika`.`period`
--
DROP TABLE IF EXISTS `period`;
CREATE TABLE IF NOT EXISTS `period` (
  `fiscal_year_id` mediumint(8) unsigned NOT NULL,
  `id` smallint(6) NOT NULL,
  `period_start` date NOT NULL,
  `period_stop` date NOT NULL,
  `order` text NOT NULL,
  PRIMARY KEY (`id`),
  KEY `fiscal_year_id` (`fiscal_year_id`),
  CONSTRAINT `period_ibfk_1` FOREIGN KEY (`fiscal_year_id`) REFERENCES `fiscal_year` (`id`)
) ENGINE=InnoDB DEFAULT CHARSET=latin1;

-- Dumping data for table bika.period: ~1 rows (environ)
/*!40000 ALTER TABLE `period` DISABLE KEYS */;
REPLACE INTO `period` (`fiscal_year_id`, `id`, `period_start`, `period_stop`, `order`) VALUES
    (2013001, 1, '2013-07-01', '2013-07-31', '1'),
    (2013001, 2, '2013-08-01', '2013-08-31', '1'),
    (2013001, 3, '2013-09-01', '2013-09-30', '2'),
    (2013001, 4, '2013-10-01', '2013-10-31', '1'),
    (2013001, 5, '2013-11-01', '2013-09-30', '1'),
    (2013011, 6, '2013-07-01', '2013-07-31', '1'),
    (2013011, 7, '2013-08-01', '2013-08-31', '1'),
    (2013011, 8, '2013-09-01', '2013-09-30', '2'),
    (2013011, 9, '2013-10-01', '2013-10-31', '1'),
    (2013011, 10, '2013-11-01', '2013-09-30', '1'),
    (2014001, 20, '2014-10-01', '0000-00-00', '2'),
    (2014001, 21, '2014-11-01', '2014-11-30', '1'),
    (2014001, 22, '2014-12-01', '2014-12-31', '1'),
    (2014011, 23, '2014-01-01', '2014-01-31', '1'),
    (2014011, 24, '2014-02-01', '2014-02-28', '1'),
    (2014011, 25, '2014-03-01', '2014-03-31', '2'),
    (2014011, 26, '2014-04-01', '2014-04-30', '1'),
    (2014011, 27, '2014-05-01', '2014-05-31', '1'),
    (2014011, 28, '2014-06-01', '2014-06-30', '1'),
    (2014011, 29, '2014-07-01', '2014-07-31', '1'),
    (2014011, 30, '2014-08-01', '2014-08-31', '2'),
    (2014011, 31, '2014-09-01', '2014-10-30', '1'),
    (2014011, 32, '2014-10-01', '0000-00-00', '2'),
    (2014011, 33, '2014-11-01', '2014-11-30', '1'),
    (2014011, 34, '2014-12-01', '2014-12-31', '1');

/*!40000 ALTER TABLE `period` ENABLE KEYS */;

ALTER TABLE `enterprise`
  ADD CONSTRAINT `enterprise_ibfk_1` FOREIGN KEY (`cash_account`) REFERENCES `account` (`id`);

-- Dumping structure for table bika.unit
DROP TABLE IF EXISTS `unit`;
CREATE TABLE IF NOT EXISTS `unit` (
  `id` mediumint(9) NOT NULL,
  `name` varchar(30) NOT NULL,
  `desc` text NOT NULL,
  `parent` smallint(6) DEFAULT NULL,
  `has_children` tinyint(1) NOT NULL,
  `url` tinytext,
  PRIMARY KEY (`id`)
) ENGINE=InnoDB DEFAULT CHARSET=latin1;

-- Dumping data for table bika.unit: ~25 rows (environ)
/*!40000 ALTER TABLE `unit` DISABLE KEYS */;
REPLACE INTO `unit` (`id`, `name`, `desc`, `parent`, `has_children`, `url`) VALUES
  (0, 'Root', 'The unseen root node', NULL, 1, ''),
  (1, 'Admin', 'The Administration Super-Category', 0, 1, ''),
  (2, 'Enterprises', 'Manage the registered enterprises from here', 1, 0, '/units/enterprise/'),
  (3, 'Form Manager', 'Manage your forms', 1, 0, '/units/formmanager/'),
  (4, 'Users & Permissions', 'Manage user privileges and permissions', 1, 0, '/units/permission/ 4'),
  (5, 'Finance', 'The Finance Super-Category', 0, 1, ''),
  (6, 'Accounts', 'The chart of accounts', 5, 0, '/units/accounts/'),
  (7, 'Charts', 'Analyze how your company is doing', 5, 0, '/units/charts/'),
  (8, 'Budgeting', 'Plan your next move', 5, 0, '/units/budgeting/'),
  (9, 'Journal', 'Daily Log', 5, 0, '/units/journal/'),
  (10, 'Reports', 'Do stuff and tell people about it', 5, 0, '/units/reports/'),
  (11, 'Inventory', 'The Inventory Super-Category', 0, 1, ''),
  (12, 'Orders', 'Manage your purchase orders', 11, 0, '/units/orders/'),
  (13, 'Stock', 'What is in stock?', 11, 0, '/units/stock/'),
  (14, 'Timeline', 'Inventory reporting and timeline', 11, 0, '/units/timeline/'),
  (15, 'Hospital', 'The Hospital Super-Category', 0, 1, ''),
  (16, 'Pharmacy', 'What\'s in your pharmacy?', 15, 0, '/units/pharmacy/'),
  (17, 'Laboratory', 'Analyze lab results', 15, 0, '/units/laboratory/'),
  (18, 'Surgery', 'Best cuttlery here!', 15, 0, '/units/surgery'),
  (19, 'Radiology', 'X-rays, anyone?', 15, 0, '/units/radiology/'),
  (20, 'Billing', 'Test pour le sous enfant', 5, 1, NULL),
  (21, 'Billing A', 'Sous enfant de Billing', 20, 0, '/html/com'),
  (22, 'Billing B', 'Deuxieme fils de Billing', 20, 0, '/html/deux'),
  (23, 'Billing C', '3 Fils', 20, 0, 'Lien hypertext'),
  (24, 'Balance', 'The Balance Sheet', 5, 0, '/units/balance/'),
  (25, 'Transaction', 'The Transaction Page', 5, 0, '/units/transaction/'),
  (26, 'Debitors', 'The debitors configuraiton page', 5, 0, '/units/debitors/');
/*!40000 ALTER TABLE `unit` ENABLE KEYS */;

-- Dumping structure for table bika.permission
DROP TABLE IF EXISTS `permission`;
CREATE TABLE IF NOT EXISTS `permission` (
  `id` int(11) NOT NULL AUTO_INCREMENT,
  `id_unit` mediumint(9) NOT NULL,
  `id_user` smallint(5) unsigned NOT NULL,
  PRIMARY KEY (`id`),
  KEY `id_unit` (`id_unit`),
  KEY `id_user` (`id_user`),
  CONSTRAINT `permission_ibfk_2` FOREIGN KEY (`id_unit`) REFERENCES `unit` (`id`) ON DELETE CASCADE ON UPDATE CASCADE,
  CONSTRAINT `permission_ibfk_3` FOREIGN KEY (`id_user`) REFERENCES `user` (`id`) ON DELETE CASCADE ON UPDATE CASCADE
) ENGINE=InnoDB;


INSERT INTO `permission` (`id`, `id_unit`, `id_user`) VALUES
    (1, 8, 13),
    (2, 1, 13), 
    (3, 4, 13),
    (4, 3, 13),
    (5, 6, 13),
    (6, 7, 13),
    (7, 8, 1),
    (8, 1, 1), 
    (9, 4, 1),
    (10, 3, 1),
    (11, 6, 1),
    (12, 7, 1),
    (13, 26, 1);
    
-- Dumping structure for table bika.role
DROP TABLE IF EXISTS `role`;
CREATE TABLE IF NOT EXISTS `role` (
  `id` smallint(5) unsigned NOT NULL AUTO_INCREMENT,
  `name` varchar(60) NOT NULL,
  `description` varchar(140) DEFAULT NULL,
  `role_head` int(11) NOT NULL,
  PRIMARY KEY (`id`)
) ENGINE=InnoDB AUTO_INCREMENT=6 DEFAULT CHARSET=latin1;

-- Dumping data for table bika.role: ~5 rows (environ)
/*!40000 ALTER TABLE `role` DISABLE KEYS */;
REPLACE INTO `role` (`id`, `name`, `description`, `role_head`) VALUES
    (1, 'Administrator', 'To be finished', 0),
    (2, 'admin', 'Administrateur simple', 1),
    (3, 'Finance', 'The Finance', 5),
    (4, 'Manager', 'Hospital Manager', 11),
    (5, 'Doctor', 'The physicien', 15);
/*!40000 ALTER TABLE `role` ENABLE KEYS */;


DROP TABLE IF EXISTS `budget`;
CREATE TABLE IF NOT EXISTS `budget` (
  `enterprise_id` smallint unsigned NOT NULL DEFAULT '0',
  `account_id` int(11) NOT NULL DEFAULT '0',
  `period_id` int(11) NOT NULL,
  `budget` decimal(2,0) DEFAULT NULL,
  PRIMARY KEY (`enterprise_id`,`account_id`,`period_id`)
) ENGINE=InnoDB DEFAULT CHARSET=utf8;

INSERT INTO `budget` (`enterprise_id`, `account_id`, `period_id`, `budget`) VALUES
(101, 100000, 1, 0.00),
(101, 100000, 2, 0.00),
(101, 100000, 3, 0.00),
(101, 100000, 4, 0.00),
(101, 100000, 5, 0.00),
(101, 100000, 6, 0.00),
(101, 100000, 7, 0.00),
(101, 100000, 8, 0.00),
(101, 100000, 9, 0.00),
(101, 100000, 10, 0.00),
(101, 100000, 20, 0.00),
(101, 100000, 21, 0.00),
(101, 100000, 22, 0.00),
(101, 100000, 23, 0.00),
(101, 100000, 24, 0.00),
(101, 100000, 25, 0.00),
(101, 100000, 26, 0.00),
(101, 100000, 27, 0.00),
(101, 100000, 28, 0.00),
(101, 100000, 29, 0.00),
(101, 100000, 30, 0.00),
(101, 100000, 31, 0.00),
(101, 100000, 32, 0.00),
(101, 100000, 33, 0.00),
(101, 100000, 34, 0.00),
(101, 110000, 1, 0.00),
(101, 110000, 2, 0.00),
(101, 110000, 3, 0.00),
(101, 110000, 4, 0.00),
(101, 110000, 5, 0.00),
(101, 110000, 6, 0.00),
(101, 110000, 7, 0.00),
(101, 110000, 8, 0.00),
(101, 110000, 9, 0.00),
(101, 110000, 10, 0.00),
(101, 110000, 20, 0.00),
(101, 110000, 21, 0.00),
(101, 110000, 22, 0.00),
(101, 110000, 23, 0.00),
(101, 110000, 24, 0.00),
(101, 110000, 25, 0.00),
(101, 110000, 26, 0.00),
(101, 110000, 27, 0.00),
(101, 110000, 28, 0.00),
(101, 110000, 29, 0.00),
(101, 110000, 30, 0.00),
(101, 110000, 31, 0.00),
(101, 110000, 32, 0.00),
(101, 110000, 33, 0.00),
(101, 110000, 34, 0.00),
(101, 120000, 1, 0.00),
(101, 120000, 2, 0.00),
(101, 120000, 3, 0.00),
(101, 120000, 4, 0.00),
(101, 120000, 5, 0.00),
(101, 120000, 6, 0.00),
(101, 120000, 7, 0.00),
(101, 120000, 8, 0.00),
(101, 120000, 9, 0.00),
(101, 120000, 10, 0.00),
(101, 120000, 20, 0.00),
(101, 120000, 21, 0.00),
(101, 120000, 22, 0.00),
(101, 120000, 23, 0.00),
(101, 120000, 24, 0.00),
(101, 120000, 25, 0.00),
(101, 120000, 26, 0.00),
(101, 120000, 27, 0.00),
(101, 120000, 28, 0.00),
(101, 120000, 29, 0.00),
(101, 120000, 30, 0.00),
(101, 120000, 31, 0.00),
(101, 120000, 32, 0.00),
(101, 120000, 33, 0.00),
(101, 120000, 34, 0.00),
(101, 130000, 1, 0.00),
(101, 130000, 2, 0.00),
(101, 130000, 3, 0.00),
(101, 130000, 4, 0.00),
(101, 130000, 5, 0.00),
(101, 130000, 6, 0.00),
(101, 130000, 7, 0.00),
(101, 130000, 8, 0.00),
(101, 130000, 9, 0.00),
(101, 130000, 10, 0.00),
(101, 130000, 20, 0.00),
(101, 130000, 21, 0.00),
(101, 130000, 22, 0.00),
(101, 130000, 23, 0.00),
(101, 130000, 24, 0.00),
(101, 130000, 25, 0.00),
(101, 130000, 26, 0.00),
(101, 130000, 27, 0.00),
(101, 130000, 28, 0.00),
(101, 130000, 29, 0.00),
(101, 130000, 30, 0.00),
(101, 130000, 31, 0.00),
(101, 130000, 32, 0.00),
(101, 130000, 33, 0.00),
(101, 130000, 34, 0.00),
(101, 130100, 1, 0.00),
(101, 130100, 2, 0.00),
(101, 130100, 3, 0.00),
(101, 130100, 4, 0.00),
(101, 130100, 5, 0.00),
(101, 130100, 6, 0.00),
(101, 130100, 7, 0.00),
(101, 130100, 8, 0.00),
(101, 130100, 9, 0.00),
(101, 130100, 10, 0.00),
(101, 130100, 20, 0.00),
(101, 130100, 21, 0.00),
(101, 130100, 22, 0.00),
(101, 130100, 23, 0.00),
(101, 130100, 24, 0.00),
(101, 130100, 25, 0.00),
(101, 130100, 26, 0.00),
(101, 130100, 27, 0.00),
(101, 130100, 28, 0.00),
(101, 130100, 29, 0.00),
(101, 130100, 30, 0.00),
(101, 130100, 31, 0.00),
(101, 130100, 32, 0.00),
(101, 130100, 33, 0.00),
(101, 130100, 34, 0.00),
(101, 130200, 1, 0.00),
(101, 130200, 2, 0.00),
(101, 130200, 3, 0.00),
(101, 130200, 4, 0.00),
(101, 130200, 5, 0.00),
(101, 130200, 6, 0.00),
(101, 130200, 7, 0.00),
(101, 130200, 8, 0.00),
(101, 130200, 9, 0.00),
(101, 130200, 10, 0.00),
(101, 130200, 20, 0.00),
(101, 130200, 21, 0.00),
(101, 130200, 22, 0.00),
(101, 130200, 23, 0.00),
(101, 130200, 24, 0.00),
(101, 130200, 25, 0.00),
(101, 130200, 26, 0.00),
(101, 130200, 27, 0.00),
(101, 130200, 28, 0.00),
(101, 130200, 29, 0.00),
(101, 130200, 30, 0.00),
(101, 130200, 31, 0.00),
(101, 130200, 32, 0.00),
(101, 130200, 33, 0.00),
(101, 130200, 34, 0.00),
(101, 150000, 1, 0.00),
(101, 150000, 2, 0.00),
(101, 150000, 3, 0.00),
(101, 150000, 4, 0.00),
(101, 150000, 5, 0.00),
(101, 150000, 6, 0.00),
(101, 150000, 7, 0.00),
(101, 150000, 8, 0.00),
(101, 150000, 9, 0.00),
(101, 150000, 10, 0.00),
(101, 150000, 20, 0.00),
(101, 150000, 21, 0.00),
(101, 150000, 22, 0.00),
(101, 150000, 23, 0.00),
(101, 150000, 24, 0.00),
(101, 150000, 25, 0.00),
(101, 150000, 26, 0.00),
(101, 150000, 27, 0.00),
(101, 150000, 28, 0.00),
(101, 150000, 29, 0.00),
(101, 150000, 30, 0.00),
(101, 150000, 31, 0.00),
(101, 150000, 32, 0.00),
(101, 150000, 33, 0.00),
(101, 150000, 34, 0.00),
(101, 150100, 1, 0.00),
(101, 150100, 2, 0.00),
(101, 150100, 3, 0.00),
(101, 150100, 4, 0.00),
(101, 150100, 5, 0.00),
(101, 150100, 6, 0.00),
(101, 150100, 7, 0.00),
(101, 150100, 8, 0.00),
(101, 150100, 9, 0.00),
(101, 150100, 10, 0.00),
(101, 150100, 20, 0.00),
(101, 150100, 21, 0.00),
(101, 150100, 22, 0.00),
(101, 150100, 23, 0.00),
(101, 150100, 24, 0.00),
(101, 150100, 25, 0.00),
(101, 150100, 26, 0.00),
(101, 150100, 27, 0.00),
(101, 150100, 28, 0.00),
(101, 150100, 29, 0.00),
(101, 150100, 30, 0.00),
(101, 150100, 31, 0.00),
(101, 150100, 32, 0.00),
(101, 150100, 33, 0.00),
(101, 150100, 34, 0.00),
(101, 150200, 1, 0.00),
(101, 150200, 2, 0.00),
(101, 150200, 3, 0.00),
(101, 150200, 4, 0.00),
(101, 150200, 5, 0.00),
(101, 150200, 6, 0.00),
(101, 150200, 7, 0.00),
(101, 150200, 8, 0.00),
(101, 150200, 9, 0.00),
(101, 150200, 10, 0.00),
(101, 150200, 20, 0.00),
(101, 150200, 21, 0.00),
(101, 150200, 22, 0.00),
(101, 150200, 23, 0.00),
(101, 150200, 24, 0.00),
(101, 150200, 25, 0.00),
(101, 150200, 26, 0.00),
(101, 150200, 27, 0.00),
(101, 150200, 28, 0.00),
(101, 150200, 29, 0.00),
(101, 150200, 30, 0.00),
(101, 150200, 31, 0.00),
(101, 150200, 32, 0.00),
(101, 150200, 33, 0.00),
(101, 150200, 34, 0.00),
(101, 160000, 1, 0.00),
(101, 160000, 2, 0.00),
(101, 160000, 3, 0.00),
(101, 160000, 4, 0.00),
(101, 160000, 5, 0.00),
(101, 160000, 6, 0.00),
(101, 160000, 7, 0.00),
(101, 160000, 8, 0.00),
(101, 160000, 9, 0.00),
(101, 160000, 10, 0.00),
(101, 160000, 20, 0.00),
(101, 160000, 21, 0.00),
(101, 160000, 22, 0.00),
(101, 160000, 23, 0.00),
(101, 160000, 24, 0.00),
(101, 160000, 25, 0.00),
(101, 160000, 26, 0.00),
(101, 160000, 27, 0.00),
(101, 160000, 28, 0.00),
(101, 160000, 29, 0.00),
(101, 160000, 30, 0.00),
(101, 160000, 31, 0.00),
(101, 160000, 32, 0.00),
(101, 160000, 33, 0.00),
(101, 160000, 34, 0.00),
(101, 170000, 1, 0.00),
(101, 170000, 2, 0.00),
(101, 170000, 3, 0.00),
(101, 170000, 4, 0.00),
(101, 170000, 5, 0.00),
(101, 170000, 6, 0.00),
(101, 170000, 7, 0.00),
(101, 170000, 8, 0.00),
(101, 170000, 9, 0.00),
(101, 170000, 10, 0.00),
(101, 170000, 20, 0.00),
(101, 170000, 21, 0.00),
(101, 170000, 22, 0.00),
(101, 170000, 23, 0.00),
(101, 170000, 24, 0.00),
(101, 170000, 25, 0.00),
(101, 170000, 26, 0.00),
(101, 170000, 27, 0.00),
(101, 170000, 28, 0.00),
(101, 170000, 29, 0.00),
(101, 170000, 30, 0.00),
(101, 170000, 31, 0.00),
(101, 170000, 32, 0.00),
(101, 170000, 33, 0.00),
(101, 170000, 34, 0.00),
(101, 180000, 1, 0.00),
(101, 180000, 2, 0.00),
(101, 180000, 3, 0.00),
(101, 180000, 4, 0.00),
(101, 180000, 5, 0.00),
(101, 180000, 6, 0.00),
(101, 180000, 7, 0.00),
(101, 180000, 8, 0.00),
(101, 180000, 9, 0.00),
(101, 180000, 10, 0.00),
(101, 180000, 20, 0.00),
(101, 180000, 21, 0.00),
(101, 180000, 22, 0.00),
(101, 180000, 23, 0.00),
(101, 180000, 24, 0.00),
(101, 180000, 25, 0.00),
(101, 180000, 26, 0.00),
(101, 180000, 27, 0.00),
(101, 180000, 28, 0.00),
(101, 180000, 29, 0.00),
(101, 180000, 30, 0.00),
(101, 180000, 31, 0.00),
(101, 180000, 32, 0.00),
(101, 180000, 33, 0.00),
(101, 180000, 34, 0.00),
(101, 210000, 1, 0.00),
(101, 210000, 2, 0.00),
(101, 210000, 3, 0.00),
(101, 210000, 4, 0.00),
(101, 210000, 5, 0.00),
(101, 210000, 6, 0.00),
(101, 210000, 7, 0.00),
(101, 210000, 8, 0.00),
(101, 210000, 9, 0.00),
(101, 210000, 10, 0.00),
(101, 210000, 20, 0.00),
(101, 210000, 21, 0.00),
(101, 210000, 22, 0.00),
(101, 210000, 23, 0.00),
(101, 210000, 24, 0.00),
(101, 210000, 25, 0.00),
(101, 210000, 26, 0.00),
(101, 210000, 27, 0.00),
(101, 210000, 28, 0.00),
(101, 210000, 29, 0.00),
(101, 210000, 30, 0.00),
(101, 210000, 31, 0.00),
(101, 210000, 32, 0.00),
(101, 210000, 33, 0.00),
(101, 210000, 34, 0.00),
(101, 220000, 1, 0.00),
(101, 220000, 2, 0.00),
(101, 220000, 3, 0.00),
(101, 220000, 4, 0.00),
(101, 220000, 5, 0.00),
(101, 220000, 6, 0.00),
(101, 220000, 7, 0.00),
(101, 220000, 8, 0.00),
(101, 220000, 9, 0.00),
(101, 220000, 10, 0.00),
(101, 220000, 20, 0.00),
(101, 220000, 21, 0.00),
(101, 220000, 22, 0.00),
(101, 220000, 23, 0.00),
(101, 220000, 24, 0.00),
(101, 220000, 25, 0.00),
(101, 220000, 26, 0.00),
(101, 220000, 27, 0.00),
(101, 220000, 28, 0.00),
(101, 220000, 29, 0.00),
(101, 220000, 30, 0.00),
(101, 220000, 31, 0.00),
(101, 220000, 32, 0.00),
(101, 220000, 33, 0.00),
(101, 220000, 34, 0.00),
(101, 220100, 1, 0.00),
(101, 220100, 2, 0.00),
(101, 220100, 3, 0.00),
(101, 220100, 4, 0.00),
(101, 220100, 5, 0.00),
(101, 220100, 6, 0.00),
(101, 220100, 7, 0.00),
(101, 220100, 8, 0.00),
(101, 220100, 9, 0.00),
(101, 220100, 10, 0.00),
(101, 220100, 20, 0.00),
(101, 220100, 21, 0.00),
(101, 220100, 22, 0.00),
(101, 220100, 23, 0.00),
(101, 220100, 24, 0.00),
(101, 220100, 25, 0.00),
(101, 220100, 26, 0.00),
(101, 220100, 27, 0.00),
(101, 220100, 28, 0.00),
(101, 220100, 29, 0.00),
(101, 220100, 30, 0.00),
(101, 220100, 31, 0.00),
(101, 220100, 32, 0.00),
(101, 220100, 33, 0.00),
(101, 220100, 34, 0.00),
(101, 220200, 1, 0.00),
(101, 220200, 2, 0.00),
(101, 220200, 3, 0.00),
(101, 220200, 4, 0.00),
(101, 220200, 5, 0.00),
(101, 220200, 6, 0.00),
(101, 220200, 7, 0.00),
(101, 220200, 8, 0.00),
(101, 220200, 9, 0.00),
(101, 220200, 10, 0.00),
(101, 220200, 20, 0.00),
(101, 220200, 21, 0.00),
(101, 220200, 22, 0.00),
(101, 220200, 23, 0.00),
(101, 220200, 24, 0.00),
(101, 220200, 25, 0.00),
(101, 220200, 26, 0.00),
(101, 220200, 27, 0.00),
(101, 220200, 28, 0.00),
(101, 220200, 29, 0.00),
(101, 220200, 30, 0.00),
(101, 220200, 31, 0.00),
(101, 220200, 32, 0.00),
(101, 220200, 33, 0.00),
(101, 220200, 34, 0.00),
(101, 220300, 1, 0.00),
(101, 220300, 2, 0.00),
(101, 220300, 3, 0.00),
(101, 220300, 4, 0.00),
(101, 220300, 5, 0.00),
(101, 220300, 6, 0.00),
(101, 220300, 7, 0.00),
(101, 220300, 8, 0.00),
(101, 220300, 9, 0.00),
(101, 220300, 10, 0.00),
(101, 220300, 20, 0.00),
(101, 220300, 21, 0.00),
(101, 220300, 22, 0.00),
(101, 220300, 23, 0.00),
(101, 220300, 24, 0.00),
(101, 220300, 25, 0.00),
(101, 220300, 26, 0.00),
(101, 220300, 27, 0.00),
(101, 220300, 28, 0.00),
(101, 220300, 29, 0.00),
(101, 220300, 30, 0.00),
(101, 220300, 31, 0.00),
(101, 220300, 32, 0.00),
(101, 220300, 33, 0.00),
(101, 220300, 34, 0.00),
(101, 220400, 1, 0.00),
(101, 220400, 2, 0.00),
(101, 220400, 3, 0.00),
(101, 220400, 4, 0.00),
(101, 220400, 5, 0.00),
(101, 220400, 6, 0.00),
(101, 220400, 7, 0.00),
(101, 220400, 8, 0.00),
(101, 220400, 9, 0.00),
(101, 220400, 10, 0.00),
(101, 220400, 20, 0.00),
(101, 220400, 21, 0.00),
(101, 220400, 22, 0.00),
(101, 220400, 23, 0.00),
(101, 220400, 24, 0.00),
(101, 220400, 25, 0.00),
(101, 220400, 26, 0.00),
(101, 220400, 27, 0.00),
(101, 220400, 28, 0.00),
(101, 220400, 29, 0.00),
(101, 220400, 30, 0.00),
(101, 220400, 31, 0.00),
(101, 220400, 32, 0.00),
(101, 220400, 33, 0.00),
(101, 220400, 34, 0.00),
(101, 220500, 1, 0.00),
(101, 220500, 2, 0.00),
(101, 220500, 3, 0.00),
(101, 220500, 4, 0.00),
(101, 220500, 5, 0.00),
(101, 220500, 6, 0.00),
(101, 220500, 7, 0.00),
(101, 220500, 8, 0.00),
(101, 220500, 9, 0.00),
(101, 220500, 10, 0.00),
(101, 220500, 20, 0.00),
(101, 220500, 21, 0.00),
(101, 220500, 22, 0.00),
(101, 220500, 23, 0.00),
(101, 220500, 24, 0.00),
(101, 220500, 25, 0.00),
(101, 220500, 26, 0.00),
(101, 220500, 27, 0.00),
(101, 220500, 28, 0.00),
(101, 220500, 29, 0.00),
(101, 220500, 30, 0.00),
(101, 220500, 31, 0.00),
(101, 220500, 32, 0.00),
(101, 220500, 33, 0.00),
(101, 220500, 34, 0.00),
(101, 220600, 1, 0.00),
(101, 220600, 2, 0.00),
(101, 220600, 3, 0.00),
(101, 220600, 4, 0.00),
(101, 220600, 5, 0.00),
(101, 220600, 6, 0.00),
(101, 220600, 7, 0.00),
(101, 220600, 8, 0.00),
(101, 220600, 9, 0.00),
(101, 220600, 10, 0.00),
(101, 220600, 20, 0.00),
(101, 220600, 21, 0.00),
(101, 220600, 22, 0.00),
(101, 220600, 23, 0.00),
(101, 220600, 24, 0.00),
(101, 220600, 25, 0.00),
(101, 220600, 26, 0.00),
(101, 220600, 27, 0.00),
(101, 220600, 28, 0.00),
(101, 220600, 29, 0.00),
(101, 220600, 30, 0.00),
(101, 220600, 31, 0.00),
(101, 220600, 32, 0.00),
(101, 220600, 33, 0.00),
(101, 220600, 34, 0.00),
(101, 220700, 1, 0.00),
(101, 220700, 2, 0.00),
(101, 220700, 3, 0.00),
(101, 220700, 4, 0.00),
(101, 220700, 5, 0.00),
(101, 220700, 6, 0.00),
(101, 220700, 7, 0.00),
(101, 220700, 8, 0.00),
(101, 220700, 9, 0.00),
(101, 220700, 10, 0.00),
(101, 220700, 20, 0.00),
(101, 220700, 21, 0.00),
(101, 220700, 22, 0.00),
(101, 220700, 23, 0.00),
(101, 220700, 24, 0.00),
(101, 220700, 25, 0.00),
(101, 220700, 26, 0.00),
(101, 220700, 27, 0.00),
(101, 220700, 28, 0.00),
(101, 220700, 29, 0.00),
(101, 220700, 30, 0.00),
(101, 220700, 31, 0.00),
(101, 220700, 32, 0.00),
(101, 220700, 33, 0.00),
(101, 220700, 34, 0.00),
(101, 220800, 1, 0.00),
(101, 220800, 2, 0.00),
(101, 220800, 3, 0.00),
(101, 220800, 4, 0.00),
(101, 220800, 5, 0.00),
(101, 220800, 6, 0.00),
(101, 220800, 7, 0.00),
(101, 220800, 8, 0.00),
(101, 220800, 9, 0.00),
(101, 220800, 10, 0.00),
(101, 220800, 20, 0.00),
(101, 220800, 21, 0.00),
(101, 220800, 22, 0.00),
(101, 220800, 23, 0.00),
(101, 220800, 24, 0.00),
(101, 220800, 25, 0.00),
(101, 220800, 26, 0.00),
(101, 220800, 27, 0.00),
(101, 220800, 28, 0.00),
(101, 220800, 29, 0.00),
(101, 220800, 30, 0.00),
(101, 220800, 31, 0.00),
(101, 220800, 32, 0.00),
(101, 220800, 33, 0.00),
(101, 220800, 34, 0.00),
(101, 220900, 1, 0.00),
(101, 220900, 2, 0.00),
(101, 220900, 3, 0.00),
(101, 220900, 4, 0.00),
(101, 220900, 5, 0.00),
(101, 220900, 6, 0.00),
(101, 220900, 7, 0.00),
(101, 220900, 8, 0.00),
(101, 220900, 9, 0.00),
(101, 220900, 10, 0.00),
(101, 220900, 20, 0.00),
(101, 220900, 21, 0.00),
(101, 220900, 22, 0.00),
(101, 220900, 23, 0.00),
(101, 220900, 24, 0.00),
(101, 220900, 25, 0.00),
(101, 220900, 26, 0.00),
(101, 220900, 27, 0.00),
(101, 220900, 28, 0.00),
(101, 220900, 29, 0.00),
(101, 220900, 30, 0.00),
(101, 220900, 31, 0.00),
(101, 220900, 32, 0.00),
(101, 220900, 33, 0.00),
(101, 220900, 34, 0.00),
(101, 221000, 1, 0.00),
(101, 221000, 2, 0.00),
(101, 221000, 3, 0.00),
(101, 221000, 4, 0.00),
(101, 221000, 5, 0.00),
(101, 221000, 6, 0.00),
(101, 221000, 7, 0.00),
(101, 221000, 8, 0.00),
(101, 221000, 9, 0.00),
(101, 221000, 10, 0.00),
(101, 221000, 20, 0.00),
(101, 221000, 21, 0.00),
(101, 221000, 22, 0.00),
(101, 221000, 23, 0.00),
(101, 221000, 24, 0.00),
(101, 221000, 25, 0.00),
(101, 221000, 26, 0.00),
(101, 221000, 27, 0.00),
(101, 221000, 28, 0.00),
(101, 221000, 29, 0.00),
(101, 221000, 30, 0.00),
(101, 221000, 31, 0.00),
(101, 221000, 32, 0.00),
(101, 221000, 33, 0.00),
(101, 221000, 34, 0.00),
(101, 221100, 1, 0.00),
(101, 221100, 2, 0.00),
(101, 221100, 3, 0.00),
(101, 221100, 4, 0.00),
(101, 221100, 5, 0.00),
(101, 221100, 6, 0.00),
(101, 221100, 7, 0.00),
(101, 221100, 8, 0.00),
(101, 221100, 9, 0.00),
(101, 221100, 10, 0.00),
(101, 221100, 20, 0.00),
(101, 221100, 21, 0.00),
(101, 221100, 22, 0.00),
(101, 221100, 23, 0.00),
(101, 221100, 24, 0.00),
(101, 221100, 25, 0.00),
(101, 221100, 26, 0.00),
(101, 221100, 27, 0.00),
(101, 221100, 28, 0.00),
(101, 221100, 29, 0.00),
(101, 221100, 30, 0.00),
(101, 221100, 31, 0.00),
(101, 221100, 32, 0.00),
(101, 221100, 33, 0.00),
(101, 221100, 34, 0.00),
(101, 230000, 1, 0.00),
(101, 230000, 2, 0.00),
(101, 230000, 3, 0.00),
(101, 230000, 4, 0.00),
(101, 230000, 5, 0.00),
(101, 230000, 6, 0.00),
(101, 230000, 7, 0.00),
(101, 230000, 8, 0.00),
(101, 230000, 9, 0.00),
(101, 230000, 10, 0.00),
(101, 230000, 20, 0.00),
(101, 230000, 21, 0.00),
(101, 230000, 22, 0.00),
(101, 230000, 23, 0.00),
(101, 230000, 24, 0.00),
(101, 230000, 25, 0.00),
(101, 230000, 26, 0.00),
(101, 230000, 27, 0.00),
(101, 230000, 28, 0.00),
(101, 230000, 29, 0.00),
(101, 230000, 30, 0.00),
(101, 230000, 31, 0.00),
(101, 230000, 32, 0.00),
(101, 230000, 33, 0.00),
(101, 230000, 34, 0.00),
(101, 230100, 1, 0.00),
(101, 230100, 2, 0.00),
(101, 230100, 3, 0.00),
(101, 230100, 4, 0.00),
(101, 230100, 5, 0.00),
(101, 230100, 6, 0.00),
(101, 230100, 7, 0.00),
(101, 230100, 8, 0.00),
(101, 230100, 9, 0.00),
(101, 230100, 10, 0.00),
(101, 230100, 20, 0.00),
(101, 230100, 21, 0.00),
(101, 230100, 22, 0.00),
(101, 230100, 23, 0.00),
(101, 230100, 24, 0.00),
(101, 230100, 25, 0.00),
(101, 230100, 26, 0.00),
(101, 230100, 27, 0.00),
(101, 230100, 28, 0.00),
(101, 230100, 29, 0.00),
(101, 230100, 30, 0.00),
(101, 230100, 31, 0.00),
(101, 230100, 32, 0.00),
(101, 230100, 33, 0.00),
(101, 230100, 34, 0.00),
(101, 230200, 1, 0.00),
(101, 230200, 2, 0.00),
(101, 230200, 3, 0.00),
(101, 230200, 4, 0.00),
(101, 230200, 5, 0.00),
(101, 230200, 6, 0.00),
(101, 230200, 7, 0.00),
(101, 230200, 8, 0.00),
(101, 230200, 9, 0.00),
(101, 230200, 10, 0.00),
(101, 230200, 20, 0.00),
(101, 230200, 21, 0.00),
(101, 230200, 22, 0.00),
(101, 230200, 23, 0.00),
(101, 230200, 24, 0.00),
(101, 230200, 25, 0.00),
(101, 230200, 26, 0.00),
(101, 230200, 27, 0.00),
(101, 230200, 28, 0.00),
(101, 230200, 29, 0.00),
(101, 230200, 30, 0.00),
(101, 230200, 31, 0.00),
(101, 230200, 32, 0.00),
(101, 230200, 33, 0.00),
(101, 230200, 34, 0.00),
(101, 240000, 1, 0.00),
(101, 240000, 2, 0.00),
(101, 240000, 3, 0.00),
(101, 240000, 4, 0.00),
(101, 240000, 5, 0.00),
(101, 240000, 6, 0.00),
(101, 240000, 7, 0.00),
(101, 240000, 8, 0.00),
(101, 240000, 9, 0.00),
(101, 240000, 10, 0.00),
(101, 240000, 20, 0.00),
(101, 240000, 21, 0.00),
(101, 240000, 22, 0.00),
(101, 240000, 23, 0.00),
(101, 240000, 24, 0.00),
(101, 240000, 25, 0.00),
(101, 240000, 26, 0.00),
(101, 240000, 27, 0.00),
(101, 240000, 28, 0.00),
(101, 240000, 29, 0.00),
(101, 240000, 30, 0.00),
(101, 240000, 31, 0.00),
(101, 240000, 32, 0.00),
(101, 240000, 33, 0.00),
(101, 240000, 34, 0.00),
(101, 240100, 1, 0.00),
(101, 240100, 2, 0.00),
(101, 240100, 3, 0.00),
(101, 240100, 4, 0.00),
(101, 240100, 5, 0.00),
(101, 240100, 6, 0.00),
(101, 240100, 7, 0.00),
(101, 240100, 8, 0.00),
(101, 240100, 9, 0.00),
(101, 240100, 10, 0.00),
(101, 240100, 20, 0.00),
(101, 240100, 21, 0.00),
(101, 240100, 22, 0.00),
(101, 240100, 23, 0.00),
(101, 240100, 24, 0.00),
(101, 240100, 25, 0.00),
(101, 240100, 26, 0.00),
(101, 240100, 27, 0.00),
(101, 240100, 28, 0.00),
(101, 240100, 29, 0.00),
(101, 240100, 30, 0.00),
(101, 240100, 31, 0.00),
(101, 240100, 32, 0.00),
(101, 240100, 33, 0.00),
(101, 240100, 34, 0.00),
(101, 240200, 1, 0.00),
(101, 240200, 2, 0.00),
(101, 240200, 3, 0.00),
(101, 240200, 4, 0.00),
(101, 240200, 5, 0.00),
(101, 240200, 6, 0.00),
(101, 240200, 7, 0.00),
(101, 240200, 8, 0.00),
(101, 240200, 9, 0.00),
(101, 240200, 10, 0.00),
(101, 240200, 20, 0.00),
(101, 240200, 21, 0.00),
(101, 240200, 22, 0.00),
(101, 240200, 23, 0.00),
(101, 240200, 24, 0.00),
(101, 240200, 25, 0.00),
(101, 240200, 26, 0.00),
(101, 240200, 27, 0.00),
(101, 240200, 28, 0.00),
(101, 240200, 29, 0.00),
(101, 240200, 30, 0.00),
(101, 240200, 31, 0.00),
(101, 240200, 32, 0.00),
(101, 240200, 33, 0.00),
(101, 240200, 34, 0.00),
(101, 240300, 1, 0.00),
(101, 240300, 2, 0.00),
(101, 240300, 3, 0.00),
(101, 240300, 4, 0.00),
(101, 240300, 5, 0.00),
(101, 240300, 6, 0.00),
(101, 240300, 7, 0.00),
(101, 240300, 8, 0.00),
(101, 240300, 9, 0.00),
(101, 240300, 10, 0.00),
(101, 240300, 20, 0.00),
(101, 240300, 21, 0.00),
(101, 240300, 22, 0.00),
(101, 240300, 23, 0.00),
(101, 240300, 24, 0.00),
(101, 240300, 25, 0.00),
(101, 240300, 26, 0.00),
(101, 240300, 27, 0.00),
(101, 240300, 28, 0.00),
(101, 240300, 29, 0.00),
(101, 240300, 30, 0.00),
(101, 240300, 31, 0.00),
(101, 240300, 32, 0.00),
(101, 240300, 33, 0.00),
(101, 240300, 34, 0.00),
(101, 280000, 1, 0.00),
(101, 280000, 2, 0.00),
(101, 280000, 3, 0.00),
(101, 280000, 4, 0.00),
(101, 280000, 5, 0.00),
(101, 280000, 6, 0.00),
(101, 280000, 7, 0.00),
(101, 280000, 8, 0.00),
(101, 280000, 9, 0.00),
(101, 280000, 10, 0.00),
(101, 280000, 20, 0.00),
(101, 280000, 21, 0.00),
(101, 280000, 22, 0.00),
(101, 280000, 23, 0.00),
(101, 280000, 24, 0.00),
(101, 280000, 25, 0.00),
(101, 280000, 26, 0.00),
(101, 280000, 27, 0.00),
(101, 280000, 28, 0.00),
(101, 280000, 29, 0.00),
(101, 280000, 30, 0.00),
(101, 280000, 31, 0.00),
(101, 280000, 32, 0.00),
(101, 280000, 33, 0.00),
(101, 280000, 34, 0.00),
(101, 280100, 1, 0.00),
(101, 280100, 2, 0.00),
(101, 280100, 3, 0.00),
(101, 280100, 4, 0.00),
(101, 280100, 5, 0.00),
(101, 280100, 6, 0.00),
(101, 280100, 7, 0.00),
(101, 280100, 8, 0.00),
(101, 280100, 9, 0.00),
(101, 280100, 10, 0.00),
(101, 280100, 20, 0.00),
(101, 280100, 21, 0.00),
(101, 280100, 22, 0.00),
(101, 280100, 23, 0.00),
(101, 280100, 24, 0.00),
(101, 280100, 25, 0.00),
(101, 280100, 26, 0.00),
(101, 280100, 27, 0.00),
(101, 280100, 28, 0.00),
(101, 280100, 29, 0.00),
(101, 280100, 30, 0.00),
(101, 280100, 31, 0.00),
(101, 280100, 32, 0.00),
(101, 280100, 33, 0.00),
(101, 280100, 34, 0.00),
(101, 300000, 1, 0.00),
(101, 300000, 2, 0.00),
(101, 300000, 3, 0.00),
(101, 300000, 4, 0.00),
(101, 300000, 5, 0.00),
(101, 300000, 6, 0.00),
(101, 300000, 7, 0.00),
(101, 300000, 8, 0.00),
(101, 300000, 9, 0.00),
(101, 300000, 10, 0.00),
(101, 300000, 20, 0.00),
(101, 300000, 21, 0.00),
(101, 300000, 22, 0.00),
(101, 300000, 23, 0.00),
(101, 300000, 24, 0.00),
(101, 300000, 25, 0.00),
(101, 300000, 26, 0.00),
(101, 300000, 27, 0.00),
(101, 300000, 28, 0.00),
(101, 300000, 29, 0.00),
(101, 300000, 30, 0.00),
(101, 300000, 31, 0.00),
(101, 300000, 32, 0.00),
(101, 300000, 33, 0.00),
(101, 300000, 34, 0.00),
(101, 300100, 1, 0.00),
(101, 300100, 2, 0.00),
(101, 300100, 3, 0.00),
(101, 300100, 4, 0.00),
(101, 300100, 5, 0.00),
(101, 300100, 6, 0.00),
(101, 300100, 7, 0.00),
(101, 300100, 8, 0.00),
(101, 300100, 9, 0.00),
(101, 300100, 10, 0.00),
(101, 300100, 20, 0.00),
(101, 300100, 21, 0.00),
(101, 300100, 22, 0.00),
(101, 300100, 23, 0.00),
(101, 300100, 24, 0.00),
(101, 300100, 25, 0.00),
(101, 300100, 26, 0.00),
(101, 300100, 27, 0.00),
(101, 300100, 28, 0.00),
(101, 300100, 29, 0.00),
(101, 300100, 30, 0.00),
(101, 300100, 31, 0.00),
(101, 300100, 32, 0.00),
(101, 300100, 33, 0.00),
(101, 300100, 34, 0.00),
(101, 300200, 1, 0.00),
(101, 300200, 2, 0.00),
(101, 300200, 3, 0.00),
(101, 300200, 4, 0.00),
(101, 300200, 5, 0.00),
(101, 300200, 6, 0.00),
(101, 300200, 7, 0.00),
(101, 300200, 8, 0.00),
(101, 300200, 9, 0.00),
(101, 300200, 10, 0.00),
(101, 300200, 20, 0.00),
(101, 300200, 21, 0.00),
(101, 300200, 22, 0.00),
(101, 300200, 23, 0.00),
(101, 300200, 24, 0.00),
(101, 300200, 25, 0.00),
(101, 300200, 26, 0.00),
(101, 300200, 27, 0.00),
(101, 300200, 28, 0.00),
(101, 300200, 29, 0.00),
(101, 300200, 30, 0.00),
(101, 300200, 31, 0.00),
(101, 300200, 32, 0.00),
(101, 300200, 33, 0.00),
(101, 300200, 34, 0.00),
(101, 300300, 1, 0.00),
(101, 300300, 2, 0.00),
(101, 300300, 3, 0.00),
(101, 300300, 4, 0.00),
(101, 300300, 5, 0.00),
(101, 300300, 6, 0.00),
(101, 300300, 7, 0.00),
(101, 300300, 8, 0.00),
(101, 300300, 9, 0.00),
(101, 300300, 10, 0.00),
(101, 300300, 20, 0.00),
(101, 300300, 21, 0.00),
(101, 300300, 22, 0.00),
(101, 300300, 23, 0.00),
(101, 300300, 24, 0.00),
(101, 300300, 25, 0.00),
(101, 300300, 26, 0.00),
(101, 300300, 27, 0.00),
(101, 300300, 28, 0.00),
(101, 300300, 29, 0.00),
(101, 300300, 30, 0.00),
(101, 300300, 31, 0.00),
(101, 300300, 32, 0.00),
(101, 300300, 33, 0.00),
(101, 300300, 34, 0.00),
(101, 300400, 1, 0.00),
(101, 300400, 2, 0.00),
(101, 300400, 3, 0.00),
(101, 300400, 4, 0.00),
(101, 300400, 5, 0.00),
(101, 300400, 6, 0.00),
(101, 300400, 7, 0.00),
(101, 300400, 8, 0.00),
(101, 300400, 9, 0.00),
(101, 300400, 10, 0.00),
(101, 300400, 20, 0.00),
(101, 300400, 21, 0.00),
(101, 300400, 22, 0.00),
(101, 300400, 23, 0.00),
(101, 300400, 24, 0.00),
(101, 300400, 25, 0.00),
(101, 300400, 26, 0.00),
(101, 300400, 27, 0.00),
(101, 300400, 28, 0.00),
(101, 300400, 29, 0.00),
(101, 300400, 30, 0.00),
(101, 300400, 31, 0.00),
(101, 300400, 32, 0.00),
(101, 300400, 33, 0.00),
(101, 300400, 34, 0.00),
(101, 300500, 1, 0.00),
(101, 300500, 2, 0.00),
(101, 300500, 3, 0.00),
(101, 300500, 4, 0.00),
(101, 300500, 5, 0.00),
(101, 300500, 6, 0.00),
(101, 300500, 7, 0.00),
(101, 300500, 8, 0.00),
(101, 300500, 9, 0.00),
(101, 300500, 10, 0.00),
(101, 300500, 20, 0.00),
(101, 300500, 21, 0.00),
(101, 300500, 22, 0.00),
(101, 300500, 23, 0.00),
(101, 300500, 24, 0.00),
(101, 300500, 25, 0.00),
(101, 300500, 26, 0.00),
(101, 300500, 27, 0.00),
(101, 300500, 28, 0.00),
(101, 300500, 29, 0.00),
(101, 300500, 30, 0.00),
(101, 300500, 31, 0.00),
(101, 300500, 32, 0.00),
(101, 300500, 33, 0.00),
(101, 300500, 34, 0.00),
(101, 310000, 1, 0.00),
(101, 310000, 2, 0.00),
(101, 310000, 3, 0.00),
(101, 310000, 4, 0.00),
(101, 310000, 5, 0.00),
(101, 310000, 6, 0.00),
(101, 310000, 7, 0.00),
(101, 310000, 8, 0.00),
(101, 310000, 9, 0.00),
(101, 310000, 10, 0.00),
(101, 310000, 20, 0.00),
(101, 310000, 21, 0.00),
(101, 310000, 22, 0.00),
(101, 310000, 23, 0.00),
(101, 310000, 24, 0.00),
(101, 310000, 25, 0.00),
(101, 310000, 26, 0.00),
(101, 310000, 27, 0.00),
(101, 310000, 28, 0.00),
(101, 310000, 29, 0.00),
(101, 310000, 30, 0.00),
(101, 310000, 31, 0.00),
(101, 310000, 32, 0.00),
(101, 310000, 33, 0.00),
(101, 310000, 34, 0.00),
(101, 310100, 1, 0.00),
(101, 310100, 2, 0.00),
(101, 310100, 3, 0.00),
(101, 310100, 4, 0.00),
(101, 310100, 5, 0.00),
(101, 310100, 6, 0.00),
(101, 310100, 7, 0.00),
(101, 310100, 8, 0.00),
(101, 310100, 9, 0.00),
(101, 310100, 10, 0.00),
(101, 310100, 20, 0.00),
(101, 310100, 21, 0.00),
(101, 310100, 22, 0.00),
(101, 310100, 23, 0.00),
(101, 310100, 24, 0.00),
(101, 310100, 25, 0.00),
(101, 310100, 26, 0.00),
(101, 310100, 27, 0.00),
(101, 310100, 28, 0.00),
(101, 310100, 29, 0.00),
(101, 310100, 30, 0.00),
(101, 310100, 31, 0.00),
(101, 310100, 32, 0.00),
(101, 310100, 33, 0.00),
(101, 310100, 34, 0.00),
(101, 310200, 1, 0.00),
(101, 310200, 2, 0.00),
(101, 310200, 3, 0.00),
(101, 310200, 4, 0.00),
(101, 310200, 5, 0.00),
(101, 310200, 6, 0.00),
(101, 310200, 7, 0.00),
(101, 310200, 8, 0.00),
(101, 310200, 9, 0.00),
(101, 310200, 10, 0.00),
(101, 310200, 20, 0.00),
(101, 310200, 21, 0.00),
(101, 310200, 22, 0.00),
(101, 310200, 23, 0.00),
(101, 310200, 24, 0.00),
(101, 310200, 25, 0.00),
(101, 310200, 26, 0.00),
(101, 310200, 27, 0.00),
(101, 310200, 28, 0.00),
(101, 310200, 29, 0.00),
(101, 310200, 30, 0.00),
(101, 310200, 31, 0.00),
(101, 310200, 32, 0.00),
(101, 310200, 33, 0.00),
(101, 310200, 34, 0.00),
(101, 310300, 1, 0.00),
(101, 310300, 2, 0.00),
(101, 310300, 3, 0.00),
(101, 310300, 4, 0.00),
(101, 310300, 5, 0.00),
(101, 310300, 6, 0.00),
(101, 310300, 7, 0.00),
(101, 310300, 8, 0.00),
(101, 310300, 9, 0.00),
(101, 310300, 10, 0.00),
(101, 310300, 20, 0.00),
(101, 310300, 21, 0.00),
(101, 310300, 22, 0.00),
(101, 310300, 23, 0.00),
(101, 310300, 24, 0.00),
(101, 310300, 25, 0.00),
(101, 310300, 26, 0.00),
(101, 310300, 27, 0.00),
(101, 310300, 28, 0.00),
(101, 310300, 29, 0.00),
(101, 310300, 30, 0.00),
(101, 310300, 31, 0.00),
(101, 310300, 32, 0.00),
(101, 310300, 33, 0.00),
(101, 310300, 34, 0.00),
(101, 310400, 1, 0.00),
(101, 310400, 2, 0.00),
(101, 310400, 3, 0.00),
(101, 310400, 4, 0.00),
(101, 310400, 5, 0.00),
(101, 310400, 6, 0.00),
(101, 310400, 7, 0.00),
(101, 310400, 8, 0.00),
(101, 310400, 9, 0.00),
(101, 310400, 10, 0.00),
(101, 310400, 20, 0.00),
(101, 310400, 21, 0.00),
(101, 310400, 22, 0.00),
(101, 310400, 23, 0.00),
(101, 310400, 24, 0.00),
(101, 310400, 25, 0.00),
(101, 310400, 26, 0.00),
(101, 310400, 27, 0.00),
(101, 310400, 28, 0.00),
(101, 310400, 29, 0.00),
(101, 310400, 30, 0.00),
(101, 310400, 31, 0.00),
(101, 310400, 32, 0.00),
(101, 310400, 33, 0.00),
(101, 310400, 34, 0.00),
(101, 310500, 1, 0.00),
(101, 310500, 2, 0.00),
(101, 310500, 3, 0.00),
(101, 310500, 4, 0.00),
(101, 310500, 5, 0.00),
(101, 310500, 6, 0.00),
(101, 310500, 7, 0.00),
(101, 310500, 8, 0.00),
(101, 310500, 9, 0.00),
(101, 310500, 10, 0.00),
(101, 310500, 20, 0.00),
(101, 310500, 21, 0.00),
(101, 310500, 22, 0.00),
(101, 310500, 23, 0.00),
(101, 310500, 24, 0.00),
(101, 310500, 25, 0.00),
(101, 310500, 26, 0.00),
(101, 310500, 27, 0.00),
(101, 310500, 28, 0.00),
(101, 310500, 29, 0.00),
(101, 310500, 30, 0.00),
(101, 310500, 31, 0.00),
(101, 310500, 32, 0.00),
(101, 310500, 33, 0.00),
(101, 310500, 34, 0.00),
(101, 310600, 1, 0.00),
(101, 310600, 2, 0.00),
(101, 310600, 3, 0.00),
(101, 310600, 4, 0.00),
(101, 310600, 5, 0.00),
(101, 310600, 6, 0.00),
(101, 310600, 7, 0.00),
(101, 310600, 8, 0.00),
(101, 310600, 9, 0.00),
(101, 310600, 10, 0.00),
(101, 310600, 20, 0.00),
(101, 310600, 21, 0.00),
(101, 310600, 22, 0.00),
(101, 310600, 23, 0.00),
(101, 310600, 24, 0.00),
(101, 310600, 25, 0.00),
(101, 310600, 26, 0.00),
(101, 310600, 27, 0.00),
(101, 310600, 28, 0.00),
(101, 310600, 29, 0.00),
(101, 310600, 30, 0.00),
(101, 310600, 31, 0.00),
(101, 310600, 32, 0.00),
(101, 310600, 33, 0.00),
(101, 310600, 34, 0.00),
(101, 310700, 1, 0.00),
(101, 310700, 2, 0.00),
(101, 310700, 3, 0.00),
(101, 310700, 4, 0.00),
(101, 310700, 5, 0.00),
(101, 310700, 6, 0.00),
(101, 310700, 7, 0.00),
(101, 310700, 8, 0.00),
(101, 310700, 9, 0.00),
(101, 310700, 10, 0.00),
(101, 310700, 20, 0.00),
(101, 310700, 21, 0.00),
(101, 310700, 22, 0.00),
(101, 310700, 23, 0.00),
(101, 310700, 24, 0.00),
(101, 310700, 25, 0.00),
(101, 310700, 26, 0.00),
(101, 310700, 27, 0.00),
(101, 310700, 28, 0.00),
(101, 310700, 29, 0.00),
(101, 310700, 30, 0.00),
(101, 310700, 31, 0.00),
(101, 310700, 32, 0.00),
(101, 310700, 33, 0.00),
(101, 310700, 34, 0.00),
(101, 310800, 1, 0.00),
(101, 310800, 2, 0.00),
(101, 310800, 3, 0.00),
(101, 310800, 4, 0.00),
(101, 310800, 5, 0.00),
(101, 310800, 6, 0.00),
(101, 310800, 7, 0.00),
(101, 310800, 8, 0.00),
(101, 310800, 9, 0.00),
(101, 310800, 10, 0.00),
(101, 310800, 20, 0.00),
(101, 310800, 21, 0.00),
(101, 310800, 22, 0.00),
(101, 310800, 23, 0.00),
(101, 310800, 24, 0.00),
(101, 310800, 25, 0.00),
(101, 310800, 26, 0.00),
(101, 310800, 27, 0.00),
(101, 310800, 28, 0.00),
(101, 310800, 29, 0.00),
(101, 310800, 30, 0.00),
(101, 310800, 31, 0.00),
(101, 310800, 32, 0.00),
(101, 310800, 33, 0.00),
(101, 310800, 34, 0.00),
(101, 310900, 1, 0.00),
(101, 310900, 2, 0.00),
(101, 310900, 3, 0.00),
(101, 310900, 4, 0.00),
(101, 310900, 5, 0.00),
(101, 310900, 6, 0.00),
(101, 310900, 7, 0.00),
(101, 310900, 8, 0.00),
(101, 310900, 9, 0.00),
(101, 310900, 10, 0.00),
(101, 310900, 20, 0.00),
(101, 310900, 21, 0.00),
(101, 310900, 22, 0.00),
(101, 310900, 23, 0.00),
(101, 310900, 24, 0.00),
(101, 310900, 25, 0.00),
(101, 310900, 26, 0.00),
(101, 310900, 27, 0.00),
(101, 310900, 28, 0.00),
(101, 310900, 29, 0.00),
(101, 310900, 30, 0.00),
(101, 310900, 31, 0.00),
(101, 310900, 32, 0.00),
(101, 310900, 33, 0.00),
(101, 310900, 34, 0.00),
(101, 311000, 1, 0.00),
(101, 311000, 2, 0.00),
(101, 311000, 3, 0.00),
(101, 311000, 4, 0.00),
(101, 311000, 5, 0.00),
(101, 311000, 6, 0.00),
(101, 311000, 7, 0.00),
(101, 311000, 8, 0.00),
(101, 311000, 9, 0.00),
(101, 311000, 10, 0.00),
(101, 311000, 20, 0.00),
(101, 311000, 21, 0.00),
(101, 311000, 22, 0.00),
(101, 311000, 23, 0.00),
(101, 311000, 24, 0.00),
(101, 311000, 25, 0.00),
(101, 311000, 26, 0.00),
(101, 311000, 27, 0.00),
(101, 311000, 28, 0.00),
(101, 311000, 29, 0.00),
(101, 311000, 30, 0.00),
(101, 311000, 31, 0.00),
(101, 311000, 32, 0.00),
(101, 311000, 33, 0.00),
(101, 311000, 34, 0.00),
(101, 311100, 1, 0.00),
(101, 311100, 2, 0.00),
(101, 311100, 3, 0.00),
(101, 311100, 4, 0.00),
(101, 311100, 5, 0.00),
(101, 311100, 6, 0.00),
(101, 311100, 7, 0.00),
(101, 311100, 8, 0.00),
(101, 311100, 9, 0.00),
(101, 311100, 10, 0.00),
(101, 311100, 20, 0.00),
(101, 311100, 21, 0.00),
(101, 311100, 22, 0.00),
(101, 311100, 23, 0.00),
(101, 311100, 24, 0.00),
(101, 311100, 25, 0.00),
(101, 311100, 26, 0.00),
(101, 311100, 27, 0.00),
(101, 311100, 28, 0.00),
(101, 311100, 29, 0.00),
(101, 311100, 30, 0.00),
(101, 311100, 31, 0.00),
(101, 311100, 32, 0.00),
(101, 311100, 33, 0.00),
(101, 311100, 34, 0.00),
(101, 360000, 1, 0.00),
(101, 360000, 2, 0.00),
(101, 360000, 3, 0.00),
(101, 360000, 4, 0.00),
(101, 360000, 5, 0.00),
(101, 360000, 6, 0.00),
(101, 360000, 7, 0.00),
(101, 360000, 8, 0.00),
(101, 360000, 9, 0.00),
(101, 360000, 10, 0.00),
(101, 360000, 20, 0.00),
(101, 360000, 21, 0.00),
(101, 360000, 22, 0.00),
(101, 360000, 23, 0.00),
(101, 360000, 24, 0.00),
(101, 360000, 25, 0.00),
(101, 360000, 26, 0.00),
(101, 360000, 27, 0.00),
(101, 360000, 28, 0.00),
(101, 360000, 29, 0.00),
(101, 360000, 30, 0.00),
(101, 360000, 31, 0.00),
(101, 360000, 32, 0.00),
(101, 360000, 33, 0.00),
(101, 360000, 34, 0.00),
(101, 380000, 1, 0.00),
(101, 380000, 2, 0.00),
(101, 380000, 3, 0.00),
(101, 380000, 4, 0.00),
(101, 380000, 5, 0.00),
(101, 380000, 6, 0.00),
(101, 380000, 7, 0.00),
(101, 380000, 8, 0.00),
(101, 380000, 9, 0.00),
(101, 380000, 10, 0.00),
(101, 380000, 20, 0.00),
(101, 380000, 21, 0.00),
(101, 380000, 22, 0.00),
(101, 380000, 23, 0.00),
(101, 380000, 24, 0.00),
(101, 380000, 25, 0.00),
(101, 380000, 26, 0.00),
(101, 380000, 27, 0.00),
(101, 380000, 28, 0.00),
(101, 380000, 29, 0.00),
(101, 380000, 30, 0.00),
(101, 380000, 31, 0.00),
(101, 380000, 32, 0.00),
(101, 380000, 33, 0.00),
(101, 380000, 34, 0.00),
(101, 400000, 1, 0.00),
(101, 400000, 2, 0.00),
(101, 400000, 3, 0.00),
(101, 400000, 4, 0.00),
(101, 400000, 5, 0.00),
(101, 400000, 6, 0.00),
(101, 400000, 7, 0.00),
(101, 400000, 8, 0.00),
(101, 400000, 9, 0.00),
(101, 400000, 10, 0.00),
(101, 400000, 20, 0.00),
(101, 400000, 21, 0.00),
(101, 400000, 22, 0.00),
(101, 400000, 23, 0.00),
(101, 400000, 24, 0.00),
(101, 400000, 25, 0.00),
(101, 400000, 26, 0.00),
(101, 400000, 27, 0.00),
(101, 400000, 28, 0.00),
(101, 400000, 29, 0.00),
(101, 400000, 30, 0.00),
(101, 400000, 31, 0.00),
(101, 400000, 32, 0.00),
(101, 400000, 33, 0.00),
(101, 400000, 34, 0.00),
(101, 400100, 1, 0.00),
(101, 400100, 2, 0.00),
(101, 400100, 3, 0.00),
(101, 400100, 4, 0.00),
(101, 400100, 5, 0.00),
(101, 400100, 6, 0.00),
(101, 400100, 7, 0.00),
(101, 400100, 8, 0.00),
(101, 400100, 9, 0.00),
(101, 400100, 10, 0.00),
(101, 400100, 20, 0.00),
(101, 400100, 21, 0.00),
(101, 400100, 22, 0.00),
(101, 400100, 23, 0.00),
(101, 400100, 24, 0.00),
(101, 400100, 25, 0.00),
(101, 400100, 26, 0.00),
(101, 400100, 27, 0.00),
(101, 400100, 28, 0.00),
(101, 400100, 29, 0.00),
(101, 400100, 30, 0.00),
(101, 400100, 31, 0.00),
(101, 400100, 32, 0.00),
(101, 400100, 33, 0.00),
(101, 400100, 34, 0.00),
(101, 400200, 1, 0.00),
(101, 400200, 2, 0.00),
(101, 400200, 3, 0.00),
(101, 400200, 4, 0.00),
(101, 400200, 5, 0.00),
(101, 400200, 6, 0.00),
(101, 400200, 7, 0.00),
(101, 400200, 8, 0.00),
(101, 400200, 9, 0.00),
(101, 400200, 10, 0.00),
(101, 400200, 20, 0.00),
(101, 400200, 21, 0.00),
(101, 400200, 22, 0.00),
(101, 400200, 23, 0.00),
(101, 400200, 24, 0.00),
(101, 400200, 25, 0.00),
(101, 400200, 26, 0.00),
(101, 400200, 27, 0.00),
(101, 400200, 28, 0.00),
(101, 400200, 29, 0.00),
(101, 400200, 30, 0.00),
(101, 400200, 31, 0.00),
(101, 400200, 32, 0.00),
(101, 400200, 33, 0.00),
(101, 400200, 34, 0.00),
(101, 400300, 1, 0.00),
(101, 400300, 2, 0.00),
(101, 400300, 3, 0.00),
(101, 400300, 4, 0.00),
(101, 400300, 5, 0.00),
(101, 400300, 6, 0.00),
(101, 400300, 7, 0.00),
(101, 400300, 8, 0.00),
(101, 400300, 9, 0.00),
(101, 400300, 10, 0.00),
(101, 400300, 20, 0.00),
(101, 400300, 21, 0.00),
(101, 400300, 22, 0.00),
(101, 400300, 23, 0.00),
(101, 400300, 24, 0.00),
(101, 400300, 25, 0.00),
(101, 400300, 26, 0.00),
(101, 400300, 27, 0.00),
(101, 400300, 28, 0.00),
(101, 400300, 29, 0.00),
(101, 400300, 30, 0.00),
(101, 400300, 31, 0.00),
(101, 400300, 32, 0.00),
(101, 400300, 33, 0.00),
(101, 400300, 34, 0.00),
(101, 410000, 1, 0.00),
(101, 410000, 2, 0.00),
(101, 410000, 3, 0.00),
(101, 410000, 4, 0.00),
(101, 410000, 5, 0.00),
(101, 410000, 6, 0.00),
(101, 410000, 7, 0.00),
(101, 410000, 8, 0.00),
(101, 410000, 9, 0.00),
(101, 410000, 10, 0.00),
(101, 410000, 20, 0.00),
(101, 410000, 21, 0.00),
(101, 410000, 22, 0.00),
(101, 410000, 23, 0.00),
(101, 410000, 24, 0.00),
(101, 410000, 25, 0.00),
(101, 410000, 26, 0.00),
(101, 410000, 27, 0.00),
(101, 410000, 28, 0.00),
(101, 410000, 29, 0.00),
(101, 410000, 30, 0.00),
(101, 410000, 31, 0.00),
(101, 410000, 32, 0.00),
(101, 410000, 33, 0.00),
(101, 410000, 34, 0.00),
(101, 410100, 1, 0.00),
(101, 410100, 2, 0.00),
(101, 410100, 3, 0.00),
(101, 410100, 4, 0.00),
(101, 410100, 5, 0.00),
(101, 410100, 6, 0.00),
(101, 410100, 7, 0.00),
(101, 410100, 8, 0.00),
(101, 410100, 9, 0.00),
(101, 410100, 10, 0.00),
(101, 410100, 20, 0.00),
(101, 410100, 21, 0.00),
(101, 410100, 22, 0.00),
(101, 410100, 23, 0.00),
(101, 410100, 24, 0.00),
(101, 410100, 25, 0.00),
(101, 410100, 26, 0.00),
(101, 410100, 27, 0.00),
(101, 410100, 28, 0.00),
(101, 410100, 29, 0.00),
(101, 410100, 30, 0.00),
(101, 410100, 31, 0.00),
(101, 410100, 32, 0.00),
(101, 410100, 33, 0.00),
(101, 410100, 34, 0.00),
(101, 410200, 1, 0.00),
(101, 410200, 2, 0.00),
(101, 410200, 3, 0.00),
(101, 410200, 4, 0.00),
(101, 410200, 5, 0.00),
(101, 410200, 6, 0.00),
(101, 410200, 7, 0.00),
(101, 410200, 8, 0.00),
(101, 410200, 9, 0.00),
(101, 410200, 10, 0.00),
(101, 410200, 20, 0.00),
(101, 410200, 21, 0.00),
(101, 410200, 22, 0.00),
(101, 410200, 23, 0.00),
(101, 410200, 24, 0.00),
(101, 410200, 25, 0.00),
(101, 410200, 26, 0.00),
(101, 410200, 27, 0.00),
(101, 410200, 28, 0.00),
(101, 410200, 29, 0.00),
(101, 410200, 30, 0.00),
(101, 410200, 31, 0.00),
(101, 410200, 32, 0.00),
(101, 410200, 33, 0.00),
(101, 410200, 34, 0.00),
(101, 410300, 1, 0.00),
(101, 410300, 2, 0.00),
(101, 410300, 3, 0.00),
(101, 410300, 4, 0.00),
(101, 410300, 5, 0.00),
(101, 410300, 6, 0.00),
(101, 410300, 7, 0.00),
(101, 410300, 8, 0.00),
(101, 410300, 9, 0.00),
(101, 410300, 10, 0.00),
(101, 410300, 20, 0.00),
(101, 410300, 21, 0.00),
(101, 410300, 22, 0.00),
(101, 410300, 23, 0.00),
(101, 410300, 24, 0.00),
(101, 410300, 25, 0.00),
(101, 410300, 26, 0.00),
(101, 410300, 27, 0.00),
(101, 410300, 28, 0.00),
(101, 410300, 29, 0.00),
(101, 410300, 30, 0.00),
(101, 410300, 31, 0.00),
(101, 410300, 32, 0.00),
(101, 410300, 33, 0.00),
(101, 410300, 34, 0.00),
(101, 410400, 1, 0.00),
(101, 410400, 2, 0.00),
(101, 410400, 3, 0.00),
(101, 410400, 4, 0.00),
(101, 410400, 5, 0.00),
(101, 410400, 6, 0.00),
(101, 410400, 7, 0.00),
(101, 410400, 8, 0.00),
(101, 410400, 9, 0.00),
(101, 410400, 10, 0.00),
(101, 410400, 20, 0.00),
(101, 410400, 21, 0.00),
(101, 410400, 22, 0.00),
(101, 410400, 23, 0.00),
(101, 410400, 24, 0.00),
(101, 410400, 25, 0.00),
(101, 410400, 26, 0.00),
(101, 410400, 27, 0.00),
(101, 410400, 28, 0.00),
(101, 410400, 29, 0.00),
(101, 410400, 30, 0.00),
(101, 410400, 31, 0.00),
(101, 410400, 32, 0.00),
(101, 410400, 33, 0.00),
(101, 410400, 34, 0.00),
(101, 410600, 1, 0.00),
(101, 410600, 2, 0.00),
(101, 410600, 3, 0.00),
(101, 410600, 4, 0.00),
(101, 410600, 5, 0.00),
(101, 410600, 6, 0.00),
(101, 410600, 7, 0.00),
(101, 410600, 8, 0.00),
(101, 410600, 9, 0.00),
(101, 410600, 10, 0.00),
(101, 410600, 20, 0.00),
(101, 410600, 21, 0.00),
(101, 410600, 22, 0.00),
(101, 410600, 23, 0.00),
(101, 410600, 24, 0.00),
(101, 410600, 25, 0.00),
(101, 410600, 26, 0.00),
(101, 410600, 27, 0.00),
(101, 410600, 28, 0.00),
(101, 410600, 29, 0.00),
(101, 410600, 30, 0.00),
(101, 410600, 31, 0.00),
(101, 410600, 32, 0.00),
(101, 410600, 33, 0.00),
(101, 410600, 34, 0.00),
(101, 410700, 1, 0.00),
(101, 410700, 2, 0.00),
(101, 410700, 3, 0.00),
(101, 410700, 4, 0.00),
(101, 410700, 5, 0.00),
(101, 410700, 6, 0.00),
(101, 410700, 7, 0.00),
(101, 410700, 8, 0.00),
(101, 410700, 9, 0.00),
(101, 410700, 10, 0.00),
(101, 410700, 20, 0.00),
(101, 410700, 21, 0.00),
(101, 410700, 22, 0.00),
(101, 410700, 23, 0.00),
(101, 410700, 24, 0.00),
(101, 410700, 25, 0.00),
(101, 410700, 26, 0.00),
(101, 410700, 27, 0.00),
(101, 410700, 28, 0.00),
(101, 410700, 29, 0.00),
(101, 410700, 30, 0.00),
(101, 410700, 31, 0.00),
(101, 410700, 32, 0.00),
(101, 410700, 33, 0.00),
(101, 410700, 34, 0.00),
(101, 410800, 1, 0.00),
(101, 410800, 2, 0.00),
(101, 410800, 3, 0.00),
(101, 410800, 4, 0.00),
(101, 410800, 5, 0.00),
(101, 410800, 6, 0.00),
(101, 410800, 7, 0.00),
(101, 410800, 8, 0.00),
(101, 410800, 9, 0.00),
(101, 410800, 10, 0.00),
(101, 410800, 20, 0.00),
(101, 410800, 21, 0.00),
(101, 410800, 22, 0.00),
(101, 410800, 23, 0.00),
(101, 410800, 24, 0.00),
(101, 410800, 25, 0.00),
(101, 410800, 26, 0.00),
(101, 410800, 27, 0.00),
(101, 410800, 28, 0.00),
(101, 410800, 29, 0.00),
(101, 410800, 30, 0.00),
(101, 410800, 31, 0.00),
(101, 410800, 32, 0.00),
(101, 410800, 33, 0.00),
(101, 410800, 34, 0.00),
(101, 410900, 1, 0.00),
(101, 410900, 2, 0.00),
(101, 410900, 3, 0.00),
(101, 410900, 4, 0.00),
(101, 410900, 5, 0.00),
(101, 410900, 6, 0.00),
(101, 410900, 7, 0.00),
(101, 410900, 8, 0.00),
(101, 410900, 9, 0.00),
(101, 410900, 10, 0.00),
(101, 410900, 20, 0.00),
(101, 410900, 21, 0.00),
(101, 410900, 22, 0.00),
(101, 410900, 23, 0.00),
(101, 410900, 24, 0.00),
(101, 410900, 25, 0.00),
(101, 410900, 26, 0.00),
(101, 410900, 27, 0.00),
(101, 410900, 28, 0.00),
(101, 410900, 29, 0.00),
(101, 410900, 30, 0.00),
(101, 410900, 31, 0.00),
(101, 410900, 32, 0.00),
(101, 410900, 33, 0.00),
(101, 410900, 34, 0.00),
(101, 411000, 1, 0.00),
(101, 411000, 2, 0.00),
(101, 411000, 3, 0.00),
(101, 411000, 4, 0.00),
(101, 411000, 5, 0.00),
(101, 411000, 6, 0.00),
(101, 411000, 7, 0.00),
(101, 411000, 8, 0.00),
(101, 411000, 9, 0.00),
(101, 411000, 10, 0.00),
(101, 411000, 20, 0.00),
(101, 411000, 21, 0.00),
(101, 411000, 22, 0.00),
(101, 411000, 23, 0.00),
(101, 411000, 24, 0.00),
(101, 411000, 25, 0.00),
(101, 411000, 26, 0.00),
(101, 411000, 27, 0.00),
(101, 411000, 28, 0.00),
(101, 411000, 29, 0.00),
(101, 411000, 30, 0.00),
(101, 411000, 31, 0.00),
(101, 411000, 32, 0.00),
(101, 411000, 33, 0.00),
(101, 411000, 34, 0.00),
(101, 411100, 1, 0.00),
(101, 411100, 2, 0.00),
(101, 411100, 3, 0.00),
(101, 411100, 4, 0.00),
(101, 411100, 5, 0.00),
(101, 411100, 6, 0.00),
(101, 411100, 7, 0.00),
(101, 411100, 8, 0.00),
(101, 411100, 9, 0.00),
(101, 411100, 10, 0.00),
(101, 411100, 20, 0.00),
(101, 411100, 21, 0.00),
(101, 411100, 22, 0.00),
(101, 411100, 23, 0.00),
(101, 411100, 24, 0.00),
(101, 411100, 25, 0.00),
(101, 411100, 26, 0.00),
(101, 411100, 27, 0.00),
(101, 411100, 28, 0.00),
(101, 411100, 29, 0.00),
(101, 411100, 30, 0.00),
(101, 411100, 31, 0.00),
(101, 411100, 32, 0.00),
(101, 411100, 33, 0.00),
(101, 411100, 34, 0.00),
(101, 411200, 1, 0.00),
(101, 411200, 2, 0.00),
(101, 411200, 3, 0.00),
(101, 411200, 4, 0.00),
(101, 411200, 5, 0.00),
(101, 411200, 6, 0.00),
(101, 411200, 7, 0.00),
(101, 411200, 8, 0.00),
(101, 411200, 9, 0.00),
(101, 411200, 10, 0.00),
(101, 411200, 20, 0.00),
(101, 411200, 21, 0.00),
(101, 411200, 22, 0.00),
(101, 411200, 23, 0.00),
(101, 411200, 24, 0.00),
(101, 411200, 25, 0.00),
(101, 411200, 26, 0.00),
(101, 411200, 27, 0.00),
(101, 411200, 28, 0.00),
(101, 411200, 29, 0.00),
(101, 411200, 30, 0.00),
(101, 411200, 31, 0.00),
(101, 411200, 32, 0.00),
(101, 411200, 33, 0.00),
(101, 411200, 34, 0.00),
(101, 420000, 1, 0.00),
(101, 420000, 2, 0.00),
(101, 420000, 3, 0.00),
(101, 420000, 4, 0.00),
(101, 420000, 5, 0.00),
(101, 420000, 6, 0.00),
(101, 420000, 7, 0.00),
(101, 420000, 8, 0.00),
(101, 420000, 9, 0.00),
(101, 420000, 10, 0.00),
(101, 420000, 20, 0.00),
(101, 420000, 21, 0.00),
(101, 420000, 22, 0.00),
(101, 420000, 23, 0.00),
(101, 420000, 24, 0.00),
(101, 420000, 25, 0.00),
(101, 420000, 26, 0.00),
(101, 420000, 27, 0.00),
(101, 420000, 28, 0.00),
(101, 420000, 29, 0.00),
(101, 420000, 30, 0.00),
(101, 420000, 31, 0.00),
(101, 420000, 32, 0.00),
(101, 420000, 33, 0.00),
(101, 420000, 34, 0.00),
(101, 420100, 1, 0.00),
(101, 420100, 2, 0.00),
(101, 420100, 3, 0.00),
(101, 420100, 4, 0.00),
(101, 420100, 5, 0.00),
(101, 420100, 6, 0.00),
(101, 420100, 7, 0.00),
(101, 420100, 8, 0.00),
(101, 420100, 9, 0.00),
(101, 420100, 10, 0.00),
(101, 420100, 20, 0.00),
(101, 420100, 21, 0.00),
(101, 420100, 22, 0.00),
(101, 420100, 23, 0.00),
(101, 420100, 24, 0.00),
(101, 420100, 25, 0.00),
(101, 420100, 26, 0.00),
(101, 420100, 27, 0.00),
(101, 420100, 28, 0.00),
(101, 420100, 29, 0.00),
(101, 420100, 30, 0.00),
(101, 420100, 31, 0.00),
(101, 420100, 32, 0.00),
(101, 420100, 33, 0.00),
(101, 420100, 34, 0.00),
(101, 420200, 1, 0.00),
(101, 420200, 2, 0.00),
(101, 420200, 3, 0.00),
(101, 420200, 4, 0.00),
(101, 420200, 5, 0.00),
(101, 420200, 6, 0.00),
(101, 420200, 7, 0.00),
(101, 420200, 8, 0.00),
(101, 420200, 9, 0.00),
(101, 420200, 10, 0.00),
(101, 420200, 20, 0.00),
(101, 420200, 21, 0.00),
(101, 420200, 22, 0.00),
(101, 420200, 23, 0.00),
(101, 420200, 24, 0.00),
(101, 420200, 25, 0.00),
(101, 420200, 26, 0.00),
(101, 420200, 27, 0.00),
(101, 420200, 28, 0.00),
(101, 420200, 29, 0.00),
(101, 420200, 30, 0.00),
(101, 420200, 31, 0.00),
(101, 420200, 32, 0.00),
(101, 420200, 33, 0.00),
(101, 420200, 34, 0.00),
(101, 420300, 1, 0.00),
(101, 420300, 2, 0.00),
(101, 420300, 3, 0.00),
(101, 420300, 4, 0.00),
(101, 420300, 5, 0.00),
(101, 420300, 6, 0.00),
(101, 420300, 7, 0.00),
(101, 420300, 8, 0.00),
(101, 420300, 9, 0.00),
(101, 420300, 10, 0.00),
(101, 420300, 20, 0.00),
(101, 420300, 21, 0.00),
(101, 420300, 22, 0.00),
(101, 420300, 23, 0.00),
(101, 420300, 24, 0.00),
(101, 420300, 25, 0.00),
(101, 420300, 26, 0.00),
(101, 420300, 27, 0.00),
(101, 420300, 28, 0.00),
(101, 420300, 29, 0.00),
(101, 420300, 30, 0.00),
(101, 420300, 31, 0.00),
(101, 420300, 32, 0.00),
(101, 420300, 33, 0.00),
(101, 420300, 34, 0.00),
(101, 430000, 1, 0.00),
(101, 430000, 2, 0.00),
(101, 430000, 3, 0.00),
(101, 430000, 4, 0.00),
(101, 430000, 5, 0.00),
(101, 430000, 6, 0.00),
(101, 430000, 7, 0.00),
(101, 430000, 8, 0.00),
(101, 430000, 9, 0.00),
(101, 430000, 10, 0.00),
(101, 430000, 20, 0.00),
(101, 430000, 21, 0.00),
(101, 430000, 22, 0.00),
(101, 430000, 23, 0.00),
(101, 430000, 24, 0.00),
(101, 430000, 25, 0.00),
(101, 430000, 26, 0.00),
(101, 430000, 27, 0.00),
(101, 430000, 28, 0.00),
(101, 430000, 29, 0.00),
(101, 430000, 30, 0.00),
(101, 430000, 31, 0.00),
(101, 430000, 32, 0.00),
(101, 430000, 33, 0.00),
(101, 430000, 34, 0.00),
(101, 430100, 1, 0.00),
(101, 430100, 2, 0.00),
(101, 430100, 3, 0.00),
(101, 430100, 4, 0.00),
(101, 430100, 5, 0.00),
(101, 430100, 6, 0.00),
(101, 430100, 7, 0.00),
(101, 430100, 8, 0.00),
(101, 430100, 9, 0.00),
(101, 430100, 10, 0.00),
(101, 430100, 20, 0.00),
(101, 430100, 21, 0.00),
(101, 430100, 22, 0.00),
(101, 430100, 23, 0.00),
(101, 430100, 24, 0.00),
(101, 430100, 25, 0.00),
(101, 430100, 26, 0.00),
(101, 430100, 27, 0.00),
(101, 430100, 28, 0.00),
(101, 430100, 29, 0.00),
(101, 430100, 30, 0.00),
(101, 430100, 31, 0.00),
(101, 430100, 32, 0.00),
(101, 430100, 33, 0.00),
(101, 430100, 34, 0.00),
(101, 430200, 1, 0.00),
(101, 430200, 2, 0.00),
(101, 430200, 3, 0.00),
(101, 430200, 4, 0.00),
(101, 430200, 5, 0.00),
(101, 430200, 6, 0.00),
(101, 430200, 7, 0.00),
(101, 430200, 8, 0.00),
(101, 430200, 9, 0.00),
(101, 430200, 10, 0.00),
(101, 430200, 20, 0.00),
(101, 430200, 21, 0.00),
(101, 430200, 22, 0.00),
(101, 430200, 23, 0.00),
(101, 430200, 24, 0.00),
(101, 430200, 25, 0.00),
(101, 430200, 26, 0.00),
(101, 430200, 27, 0.00),
(101, 430200, 28, 0.00),
(101, 430200, 29, 0.00),
(101, 430200, 30, 0.00),
(101, 430200, 31, 0.00),
(101, 430200, 32, 0.00),
(101, 430200, 33, 0.00),
(101, 430200, 34, 0.00),
(101, 460000, 1, 0.00),
(101, 460000, 2, 0.00),
(101, 460000, 3, 0.00),
(101, 460000, 4, 0.00),
(101, 460000, 5, 0.00),
(101, 460000, 6, 0.00),
(101, 460000, 7, 0.00),
(101, 460000, 8, 0.00),
(101, 460000, 9, 0.00),
(101, 460000, 10, 0.00),
(101, 460000, 20, 0.00),
(101, 460000, 21, 0.00),
(101, 460000, 22, 0.00),
(101, 460000, 23, 0.00),
(101, 460000, 24, 0.00),
(101, 460000, 25, 0.00),
(101, 460000, 26, 0.00),
(101, 460000, 27, 0.00),
(101, 460000, 28, 0.00),
(101, 460000, 29, 0.00),
(101, 460000, 30, 0.00),
(101, 460000, 31, 0.00),
(101, 460000, 32, 0.00),
(101, 460000, 33, 0.00),
(101, 460000, 34, 0.00),
(101, 460100, 1, 0.00),
(101, 460100, 2, 0.00),
(101, 460100, 3, 0.00),
(101, 460100, 4, 0.00),
(101, 460100, 5, 0.00),
(101, 460100, 6, 0.00),
(101, 460100, 7, 0.00),
(101, 460100, 8, 0.00),
(101, 460100, 9, 0.00),
(101, 460100, 10, 0.00),
(101, 460100, 20, 0.00),
(101, 460100, 21, 0.00),
(101, 460100, 22, 0.00),
(101, 460100, 23, 0.00),
(101, 460100, 24, 0.00),
(101, 460100, 25, 0.00),
(101, 460100, 26, 0.00),
(101, 460100, 27, 0.00),
(101, 460100, 28, 0.00),
(101, 460100, 29, 0.00),
(101, 460100, 30, 0.00),
(101, 460100, 31, 0.00),
(101, 460100, 32, 0.00),
(101, 460100, 33, 0.00),
(101, 460100, 34, 0.00),
(101, 460200, 1, 0.00),
(101, 460200, 2, 0.00),
(101, 460200, 3, 0.00),
(101, 460200, 4, 0.00),
(101, 460200, 5, 0.00),
(101, 460200, 6, 0.00),
(101, 460200, 7, 0.00),
(101, 460200, 8, 0.00),
(101, 460200, 9, 0.00),
(101, 460200, 10, 0.00),
(101, 460200, 20, 0.00),
(101, 460200, 21, 0.00),
(101, 460200, 22, 0.00),
(101, 460200, 23, 0.00),
(101, 460200, 24, 0.00),
(101, 460200, 25, 0.00),
(101, 460200, 26, 0.00),
(101, 460200, 27, 0.00),
(101, 460200, 28, 0.00),
(101, 460200, 29, 0.00),
(101, 460200, 30, 0.00),
(101, 460200, 31, 0.00),
(101, 460200, 32, 0.00),
(101, 460200, 33, 0.00),
(101, 460200, 34, 0.00),
(101, 460300, 1, 0.00),
(101, 460300, 2, 0.00),
(101, 460300, 3, 0.00),
(101, 460300, 4, 0.00),
(101, 460300, 5, 0.00),
(101, 460300, 6, 0.00),
(101, 460300, 7, 0.00),
(101, 460300, 8, 0.00),
(101, 460300, 9, 0.00),
(101, 460300, 10, 0.00),
(101, 460300, 20, 0.00),
(101, 460300, 21, 0.00),
(101, 460300, 22, 0.00),
(101, 460300, 23, 0.00),
(101, 460300, 24, 0.00),
(101, 460300, 25, 0.00),
(101, 460300, 26, 0.00),
(101, 460300, 27, 0.00),
(101, 460300, 28, 0.00),
(101, 460300, 29, 0.00),
(101, 460300, 30, 0.00),
(101, 460300, 31, 0.00),
(101, 460300, 32, 0.00),
(101, 460300, 33, 0.00),
(101, 460300, 34, 0.00),
(101, 460400, 1, 0.00),
(101, 460400, 2, 0.00),
(101, 460400, 3, 0.00),
(101, 460400, 4, 0.00),
(101, 460400, 5, 0.00),
(101, 460400, 6, 0.00),
(101, 460400, 7, 0.00),
(101, 460400, 8, 0.00),
(101, 460400, 9, 0.00),
(101, 460400, 10, 0.00),
(101, 460400, 20, 0.00),
(101, 460400, 21, 0.00),
(101, 460400, 22, 0.00),
(101, 460400, 23, 0.00),
(101, 460400, 24, 0.00),
(101, 460400, 25, 0.00),
(101, 460400, 26, 0.00),
(101, 460400, 27, 0.00),
(101, 460400, 28, 0.00),
(101, 460400, 29, 0.00),
(101, 460400, 30, 0.00),
(101, 460400, 31, 0.00),
(101, 460400, 32, 0.00),
(101, 460400, 33, 0.00),
(101, 460400, 34, 0.00),
(101, 460500, 1, 0.00),
(101, 460500, 2, 0.00),
(101, 460500, 3, 0.00),
(101, 460500, 4, 0.00),
(101, 460500, 5, 0.00),
(101, 460500, 6, 0.00),
(101, 460500, 7, 0.00),
(101, 460500, 8, 0.00),
(101, 460500, 9, 0.00),
(101, 460500, 10, 0.00),
(101, 460500, 20, 0.00),
(101, 460500, 21, 0.00),
(101, 460500, 22, 0.00),
(101, 460500, 23, 0.00),
(101, 460500, 24, 0.00),
(101, 460500, 25, 0.00),
(101, 460500, 26, 0.00),
(101, 460500, 27, 0.00),
(101, 460500, 28, 0.00),
(101, 460500, 29, 0.00),
(101, 460500, 30, 0.00),
(101, 460500, 31, 0.00),
(101, 460500, 32, 0.00),
(101, 460500, 33, 0.00),
(101, 460500, 34, 0.00),
(101, 460600, 1, 0.00),
(101, 460600, 2, 0.00),
(101, 460600, 3, 0.00),
(101, 460600, 4, 0.00),
(101, 460600, 5, 0.00),
(101, 460600, 6, 0.00),
(101, 460600, 7, 0.00),
(101, 460600, 8, 0.00),
(101, 460600, 9, 0.00),
(101, 460600, 10, 0.00),
(101, 460600, 20, 0.00),
(101, 460600, 21, 0.00),
(101, 460600, 22, 0.00),
(101, 460600, 23, 0.00),
(101, 460600, 24, 0.00),
(101, 460600, 25, 0.00),
(101, 460600, 26, 0.00),
(101, 460600, 27, 0.00),
(101, 460600, 28, 0.00),
(101, 460600, 29, 0.00),
(101, 460600, 30, 0.00),
(101, 460600, 31, 0.00),
(101, 460600, 32, 0.00),
(101, 460600, 33, 0.00),
(101, 460600, 34, 0.00),
(101, 470000, 1, 0.00),
(101, 470000, 2, 0.00),
(101, 470000, 3, 0.00),
(101, 470000, 4, 0.00),
(101, 470000, 5, 0.00),
(101, 470000, 6, 0.00),
(101, 470000, 7, 0.00),
(101, 470000, 8, 0.00),
(101, 470000, 9, 0.00),
(101, 470000, 10, 0.00),
(101, 470000, 20, 0.00),
(101, 470000, 21, 0.00),
(101, 470000, 22, 0.00),
(101, 470000, 23, 0.00),
(101, 470000, 24, 0.00),
(101, 470000, 25, 0.00),
(101, 470000, 26, 0.00),
(101, 470000, 27, 0.00),
(101, 470000, 28, 0.00),
(101, 470000, 29, 0.00),
(101, 470000, 30, 0.00),
(101, 470000, 31, 0.00),
(101, 470000, 32, 0.00),
(101, 470000, 33, 0.00),
(101, 470000, 34, 0.00),
(101, 470100, 1, 0.00),
(101, 470100, 2, 0.00),
(101, 470100, 3, 0.00),
(101, 470100, 4, 0.00),
(101, 470100, 5, 0.00),
(101, 470100, 6, 0.00),
(101, 470100, 7, 0.00),
(101, 470100, 8, 0.00),
(101, 470100, 9, 0.00),
(101, 470100, 10, 0.00),
(101, 470100, 20, 0.00),
(101, 470100, 21, 0.00),
(101, 470100, 22, 0.00),
(101, 470100, 23, 0.00),
(101, 470100, 24, 0.00),
(101, 470100, 25, 0.00),
(101, 470100, 26, 0.00),
(101, 470100, 27, 0.00),
(101, 470100, 28, 0.00),
(101, 470100, 29, 0.00),
(101, 470100, 30, 0.00),
(101, 470100, 31, 0.00),
(101, 470100, 32, 0.00),
(101, 470100, 33, 0.00),
(101, 470100, 34, 0.00),
(101, 470200, 1, 0.00),
(101, 470200, 2, 0.00),
(101, 470200, 3, 0.00),
(101, 470200, 4, 0.00),
(101, 470200, 5, 0.00),
(101, 470200, 6, 0.00),
(101, 470200, 7, 0.00),
(101, 470200, 8, 0.00),
(101, 470200, 9, 0.00),
(101, 470200, 10, 0.00),
(101, 470200, 20, 0.00),
(101, 470200, 21, 0.00),
(101, 470200, 22, 0.00),
(101, 470200, 23, 0.00),
(101, 470200, 24, 0.00),
(101, 470200, 25, 0.00),
(101, 470200, 26, 0.00),
(101, 470200, 27, 0.00),
(101, 470200, 28, 0.00),
(101, 470200, 29, 0.00),
(101, 470200, 30, 0.00),
(101, 470200, 31, 0.00),
(101, 470200, 32, 0.00),
(101, 470200, 33, 0.00),
(101, 470200, 34, 0.00),
(101, 470300, 1, 0.00),
(101, 470300, 2, 0.00),
(101, 470300, 3, 0.00),
(101, 470300, 4, 0.00),
(101, 470300, 5, 0.00),
(101, 470300, 6, 0.00),
(101, 470300, 7, 0.00),
(101, 470300, 8, 0.00),
(101, 470300, 9, 0.00),
(101, 470300, 10, 0.00),
(101, 470300, 20, 0.00),
(101, 470300, 21, 0.00),
(101, 470300, 22, 0.00),
(101, 470300, 23, 0.00),
(101, 470300, 24, 0.00),
(101, 470300, 25, 0.00),
(101, 470300, 26, 0.00),
(101, 470300, 27, 0.00),
(101, 470300, 28, 0.00),
(101, 470300, 29, 0.00),
(101, 470300, 30, 0.00),
(101, 470300, 31, 0.00),
(101, 470300, 32, 0.00),
(101, 470300, 33, 0.00),
(101, 470300, 34, 0.00),
(101, 480000, 1, 0.00),
(101, 480000, 2, 0.00),
(101, 480000, 3, 0.00),
(101, 480000, 4, 0.00),
(101, 480000, 5, 0.00),
(101, 480000, 6, 0.00),
(101, 480000, 7, 0.00),
(101, 480000, 8, 0.00),
(101, 480000, 9, 0.00),
(101, 480000, 10, 0.00),
(101, 480000, 20, 0.00),
(101, 480000, 21, 0.00),
(101, 480000, 22, 0.00),
(101, 480000, 23, 0.00),
(101, 480000, 24, 0.00),
(101, 480000, 25, 0.00),
(101, 480000, 26, 0.00),
(101, 480000, 27, 0.00),
(101, 480000, 28, 0.00),
(101, 480000, 29, 0.00),
(101, 480000, 30, 0.00),
(101, 480000, 31, 0.00),
(101, 480000, 32, 0.00),
(101, 480000, 33, 0.00),
(101, 480000, 34, 0.00),
(101, 490000, 1, 0.00),
(101, 490000, 2, 0.00),
(101, 490000, 3, 0.00),
(101, 490000, 4, 0.00),
(101, 490000, 5, 0.00),
(101, 490000, 6, 0.00),
(101, 490000, 7, 0.00),
(101, 490000, 8, 0.00),
(101, 490000, 9, 0.00),
(101, 490000, 10, 0.00),
(101, 490000, 20, 0.00),
(101, 490000, 21, 0.00),
(101, 490000, 22, 0.00),
(101, 490000, 23, 0.00),
(101, 490000, 24, 0.00),
(101, 490000, 25, 0.00),
(101, 490000, 26, 0.00),
(101, 490000, 27, 0.00),
(101, 490000, 28, 0.00),
(101, 490000, 29, 0.00),
(101, 490000, 30, 0.00),
(101, 490000, 31, 0.00),
(101, 490000, 32, 0.00),
(101, 490000, 33, 0.00),
(101, 490000, 34, 0.00),
(101, 510000, 1, 0.00),
(101, 510000, 2, 0.00),
(101, 510000, 3, 0.00),
(101, 510000, 4, 0.00),
(101, 510000, 5, 0.00),
(101, 510000, 6, 0.00),
(101, 510000, 7, 0.00),
(101, 510000, 8, 0.00),
(101, 510000, 9, 0.00),
(101, 510000, 10, 0.00),
(101, 510000, 20, 0.00),
(101, 510000, 21, 0.00),
(101, 510000, 22, 0.00),
(101, 510000, 23, 0.00),
(101, 510000, 24, 0.00),
(101, 510000, 25, 0.00),
(101, 510000, 26, 0.00),
(101, 510000, 27, 0.00),
(101, 510000, 28, 0.00),
(101, 510000, 29, 0.00),
(101, 510000, 30, 0.00),
(101, 510000, 31, 0.00),
(101, 510000, 32, 0.00),
(101, 510000, 33, 0.00),
(101, 510000, 34, 0.00),
(101, 550000, 1, 0.00),
(101, 550000, 2, 0.00),
(101, 550000, 3, 0.00),
(101, 550000, 4, 0.00),
(101, 550000, 5, 0.00),
(101, 550000, 6, 0.00),
(101, 550000, 7, 0.00),
(101, 550000, 8, 0.00),
(101, 550000, 9, 0.00),
(101, 550000, 10, 0.00),
(101, 550000, 20, 0.00),
(101, 550000, 21, 0.00),
(101, 550000, 22, 0.00),
(101, 550000, 23, 0.00),
(101, 550000, 24, 0.00),
(101, 550000, 25, 0.00),
(101, 550000, 26, 0.00),
(101, 550000, 27, 0.00),
(101, 550000, 28, 0.00),
(101, 550000, 29, 0.00),
(101, 550000, 30, 0.00),
(101, 550000, 31, 0.00),
(101, 550000, 32, 0.00),
(101, 550000, 33, 0.00),
(101, 550000, 34, 0.00),
(101, 560000, 1, 0.00),
(101, 560000, 2, 0.00),
(101, 560000, 3, 0.00),
(101, 560000, 4, 0.00),
(101, 560000, 5, 0.00),
(101, 560000, 6, 0.00),
(101, 560000, 7, 0.00),
(101, 560000, 8, 0.00),
(101, 560000, 9, 0.00),
(101, 560000, 10, 0.00),
(101, 560000, 20, 0.00),
(101, 560000, 21, 0.00),
(101, 560000, 22, 0.00),
(101, 560000, 23, 0.00),
(101, 560000, 24, 0.00),
(101, 560000, 25, 0.00),
(101, 560000, 26, 0.00),
(101, 560000, 27, 0.00),
(101, 560000, 28, 0.00),
(101, 560000, 29, 0.00),
(101, 560000, 30, 0.00),
(101, 560000, 31, 0.00),
(101, 560000, 32, 0.00),
(101, 560000, 33, 0.00),
(101, 560000, 34, 0.00),
(101, 560100, 1, 0.00),
(101, 560100, 2, 0.00),
(101, 560100, 3, 0.00),
(101, 560100, 4, 0.00),
(101, 560100, 5, 0.00),
(101, 560100, 6, 0.00),
(101, 560100, 7, 0.00),
(101, 560100, 8, 0.00),
(101, 560100, 9, 0.00),
(101, 560100, 10, 0.00),
(101, 560100, 20, 0.00),
(101, 560100, 21, 0.00),
(101, 560100, 22, 0.00),
(101, 560100, 23, 0.00),
(101, 560100, 24, 0.00),
(101, 560100, 25, 0.00),
(101, 560100, 26, 0.00),
(101, 560100, 27, 0.00),
(101, 560100, 28, 0.00),
(101, 560100, 29, 0.00),
(101, 560100, 30, 0.00),
(101, 560100, 31, 0.00),
(101, 560100, 32, 0.00),
(101, 560100, 33, 0.00),
(101, 560100, 34, 0.00),
(101, 560200, 1, 0.00),
(101, 560200, 2, 0.00),
(101, 560200, 3, 0.00),
(101, 560200, 4, 0.00),
(101, 560200, 5, 0.00),
(101, 560200, 6, 0.00),
(101, 560200, 7, 0.00),
(101, 560200, 8, 0.00),
(101, 560200, 9, 0.00),
(101, 560200, 10, 0.00),
(101, 560200, 20, 0.00),
(101, 560200, 21, 0.00),
(101, 560200, 22, 0.00),
(101, 560200, 23, 0.00),
(101, 560200, 24, 0.00),
(101, 560200, 25, 0.00),
(101, 560200, 26, 0.00),
(101, 560200, 27, 0.00),
(101, 560200, 28, 0.00),
(101, 560200, 29, 0.00),
(101, 560200, 30, 0.00),
(101, 560200, 31, 0.00),
(101, 560200, 32, 0.00),
(101, 560200, 33, 0.00),
(101, 560200, 34, 0.00),
(101, 560300, 1, 0.00),
(101, 560300, 2, 0.00),
(101, 560300, 3, 0.00),
(101, 560300, 4, 0.00),
(101, 560300, 5, 0.00),
(101, 560300, 6, 0.00),
(101, 560300, 7, 0.00),
(101, 560300, 8, 0.00),
(101, 560300, 9, 0.00),
(101, 560300, 10, 0.00),
(101, 560300, 20, 0.00),
(101, 560300, 21, 0.00),
(101, 560300, 22, 0.00),
(101, 560300, 23, 0.00),
(101, 560300, 24, 0.00),
(101, 560300, 25, 0.00),
(101, 560300, 26, 0.00),
(101, 560300, 27, 0.00),
(101, 560300, 28, 0.00),
(101, 560300, 29, 0.00),
(101, 560300, 30, 0.00),
(101, 560300, 31, 0.00),
(101, 560300, 32, 0.00),
(101, 560300, 33, 0.00),
(101, 560300, 34, 0.00),
(101, 560400, 1, 0.00),
(101, 560400, 2, 0.00),
(101, 560400, 3, 0.00),
(101, 560400, 4, 0.00),
(101, 560400, 5, 0.00),
(101, 560400, 6, 0.00),
(101, 560400, 7, 0.00),
(101, 560400, 8, 0.00),
(101, 560400, 9, 0.00),
(101, 560400, 10, 0.00),
(101, 560400, 20, 0.00),
(101, 560400, 21, 0.00),
(101, 560400, 22, 0.00),
(101, 560400, 23, 0.00),
(101, 560400, 24, 0.00),
(101, 560400, 25, 0.00),
(101, 560400, 26, 0.00),
(101, 560400, 27, 0.00),
(101, 560400, 28, 0.00),
(101, 560400, 29, 0.00),
(101, 560400, 30, 0.00),
(101, 560400, 31, 0.00),
(101, 560400, 32, 0.00),
(101, 560400, 33, 0.00),
(101, 560400, 34, 0.00),
(101, 570000, 1, 0.00),
(101, 570000, 2, 0.00),
(101, 570000, 3, 0.00),
(101, 570000, 4, 0.00),
(101, 570000, 5, 0.00),
(101, 570000, 6, 0.00),
(101, 570000, 7, 0.00),
(101, 570000, 8, 0.00),
(101, 570000, 9, 0.00),
(101, 570000, 10, 0.00),
(101, 570000, 20, 0.00),
(101, 570000, 21, 0.00),
(101, 570000, 22, 0.00),
(101, 570000, 23, 0.00),
(101, 570000, 24, 0.00),
(101, 570000, 25, 0.00),
(101, 570000, 26, 0.00),
(101, 570000, 27, 0.00),
(101, 570000, 28, 0.00),
(101, 570000, 29, 0.00),
(101, 570000, 30, 0.00),
(101, 570000, 31, 0.00),
(101, 570000, 32, 0.00),
(101, 570000, 33, 0.00),
(101, 570000, 34, 0.00),
(101, 590000, 1, 0.00),
(101, 590000, 2, 0.00),
(101, 590000, 3, 0.00),
(101, 590000, 4, 0.00),
(101, 590000, 5, 0.00),
(101, 590000, 6, 0.00),
(101, 590000, 7, 0.00),
(101, 590000, 8, 0.00),
(101, 590000, 9, 0.00),
(101, 590000, 10, 0.00),
(101, 590000, 20, 0.00),
(101, 590000, 21, 0.00),
(101, 590000, 22, 0.00),
(101, 590000, 23, 0.00),
(101, 590000, 24, 0.00),
(101, 590000, 25, 0.00),
(101, 590000, 26, 0.00),
(101, 590000, 27, 0.00),
(101, 590000, 28, 0.00),
(101, 590000, 29, 0.00),
(101, 590000, 30, 0.00),
(101, 590000, 31, 0.00),
(101, 590000, 32, 0.00),
(101, 590000, 33, 0.00),
(101, 590000, 34, 0.00),
(101, 600000, 1, 0.00),
(101, 600000, 2, 0.00),
(101, 600000, 3, 0.00),
(101, 600000, 4, 0.00),
(101, 600000, 5, 0.00),
(101, 600000, 6, 0.00),
(101, 600000, 7, 0.00),
(101, 600000, 8, 0.00),
(101, 600000, 9, 0.00),
(101, 600000, 10, 0.00),
(101, 600000, 20, 0.00),
(101, 600000, 21, 0.00),
(101, 600000, 22, 0.00),
(101, 600000, 23, 0.00),
(101, 600000, 24, 0.00),
(101, 600000, 25, 0.00),
(101, 600000, 26, 0.00),
(101, 600000, 27, 0.00),
(101, 600000, 28, 0.00),
(101, 600000, 29, 0.00),
(101, 600000, 30, 0.00),
(101, 600000, 31, 0.00),
(101, 600000, 32, 0.00),
(101, 600000, 33, 0.00),
(101, 600000, 34, 0.00),
(101, 600100, 1, 0.00),
(101, 600100, 2, 0.00),
(101, 600100, 3, 0.00),
(101, 600100, 4, 0.00),
(101, 600100, 5, 0.00),
(101, 600100, 6, 0.00),
(101, 600100, 7, 0.00),
(101, 600100, 8, 0.00),
(101, 600100, 9, 0.00),
(101, 600100, 10, 0.00),
(101, 600100, 20, 0.00),
(101, 600100, 21, 0.00),
(101, 600100, 22, 0.00),
(101, 600100, 23, 0.00),
(101, 600100, 24, 0.00),
(101, 600100, 25, 0.00),
(101, 600100, 26, 0.00),
(101, 600100, 27, 0.00),
(101, 600100, 28, 0.00),
(101, 600100, 29, 0.00),
(101, 600100, 30, 0.00),
(101, 600100, 31, 0.00),
(101, 600100, 32, 0.00),
(101, 600100, 33, 0.00),
(101, 600100, 34, 0.00),
(101, 600200, 1, 0.00),
(101, 600200, 2, 0.00),
(101, 600200, 3, 0.00),
(101, 600200, 4, 0.00),
(101, 600200, 5, 0.00),
(101, 600200, 6, 0.00),
(101, 600200, 7, 0.00),
(101, 600200, 8, 0.00),
(101, 600200, 9, 0.00),
(101, 600200, 10, 0.00),
(101, 600200, 20, 0.00),
(101, 600200, 21, 0.00),
(101, 600200, 22, 0.00),
(101, 600200, 23, 0.00),
(101, 600200, 24, 0.00),
(101, 600200, 25, 0.00),
(101, 600200, 26, 0.00),
(101, 600200, 27, 0.00),
(101, 600200, 28, 0.00),
(101, 600200, 29, 0.00),
(101, 600200, 30, 0.00),
(101, 600200, 31, 0.00),
(101, 600200, 32, 0.00),
(101, 600200, 33, 0.00),
(101, 600200, 34, 0.00),
(101, 600300, 1, 0.00),
(101, 600300, 2, 0.00),
(101, 600300, 3, 0.00),
(101, 600300, 4, 0.00),
(101, 600300, 5, 0.00),
(101, 600300, 6, 0.00),
(101, 600300, 7, 0.00),
(101, 600300, 8, 0.00),
(101, 600300, 9, 0.00),
(101, 600300, 10, 0.00),
(101, 600300, 20, 0.00),
(101, 600300, 21, 0.00),
(101, 600300, 22, 0.00),
(101, 600300, 23, 0.00),
(101, 600300, 24, 0.00),
(101, 600300, 25, 0.00),
(101, 600300, 26, 0.00),
(101, 600300, 27, 0.00),
(101, 600300, 28, 0.00),
(101, 600300, 29, 0.00),
(101, 600300, 30, 0.00),
(101, 600300, 31, 0.00),
(101, 600300, 32, 0.00),
(101, 600300, 33, 0.00),
(101, 600300, 34, 0.00),
(101, 600400, 1, 0.00),
(101, 600400, 2, 0.00),
(101, 600400, 3, 0.00),
(101, 600400, 4, 0.00),
(101, 600400, 5, 0.00),
(101, 600400, 6, 0.00),
(101, 600400, 7, 0.00),
(101, 600400, 8, 0.00),
(101, 600400, 9, 0.00),
(101, 600400, 10, 0.00),
(101, 600400, 20, 0.00),
(101, 600400, 21, 0.00),
(101, 600400, 22, 0.00),
(101, 600400, 23, 0.00),
(101, 600400, 24, 0.00),
(101, 600400, 25, 0.00),
(101, 600400, 26, 0.00),
(101, 600400, 27, 0.00),
(101, 600400, 28, 0.00),
(101, 600400, 29, 0.00),
(101, 600400, 30, 0.00),
(101, 600400, 31, 0.00),
(101, 600400, 32, 0.00),
(101, 600400, 33, 0.00),
(101, 600400, 34, 0.00),
(101, 610000, 1, 0.00),
(101, 610000, 2, 0.00),
(101, 610000, 3, 0.00),
(101, 610000, 4, 0.00),
(101, 610000, 5, 0.00),
(101, 610000, 6, 0.00),
(101, 610000, 7, 0.00),
(101, 610000, 8, 0.00),
(101, 610000, 9, 0.00),
(101, 610000, 10, 0.00),
(101, 610000, 20, 0.00),
(101, 610000, 21, 0.00),
(101, 610000, 22, 0.00),
(101, 610000, 23, 0.00),
(101, 610000, 24, 0.00),
(101, 610000, 25, 0.00),
(101, 610000, 26, 0.00),
(101, 610000, 27, 0.00),
(101, 610000, 28, 0.00),
(101, 610000, 29, 0.00),
(101, 610000, 30, 0.00),
(101, 610000, 31, 0.00),
(101, 610000, 32, 0.00),
(101, 610000, 33, 0.00),
(101, 610000, 34, 0.00),
(101, 610100, 1, 0.00),
(101, 610100, 2, 0.00),
(101, 610100, 3, 0.00),
(101, 610100, 4, 0.00),
(101, 610100, 5, 0.00),
(101, 610100, 6, 0.00),
(101, 610100, 7, 0.00),
(101, 610100, 8, 0.00),
(101, 610100, 9, 0.00),
(101, 610100, 10, 0.00),
(101, 610100, 20, 0.00),
(101, 610100, 21, 0.00),
(101, 610100, 22, 0.00),
(101, 610100, 23, 0.00),
(101, 610100, 24, 0.00),
(101, 610100, 25, 0.00),
(101, 610100, 26, 0.00),
(101, 610100, 27, 0.00),
(101, 610100, 28, 0.00),
(101, 610100, 29, 0.00),
(101, 610100, 30, 0.00),
(101, 610100, 31, 0.00),
(101, 610100, 32, 0.00),
(101, 610100, 33, 0.00),
(101, 610100, 34, 0.00),
(101, 610200, 1, 0.00),
(101, 610200, 2, 0.00),
(101, 610200, 3, 0.00),
(101, 610200, 4, 0.00),
(101, 610200, 5, 0.00),
(101, 610200, 6, 0.00),
(101, 610200, 7, 0.00),
(101, 610200, 8, 0.00),
(101, 610200, 9, 0.00),
(101, 610200, 10, 0.00),
(101, 610200, 20, 0.00),
(101, 610200, 21, 0.00),
(101, 610200, 22, 0.00),
(101, 610200, 23, 0.00),
(101, 610200, 24, 0.00),
(101, 610200, 25, 0.00),
(101, 610200, 26, 0.00),
(101, 610200, 27, 0.00),
(101, 610200, 28, 0.00),
(101, 610200, 29, 0.00),
(101, 610200, 30, 0.00),
(101, 610200, 31, 0.00),
(101, 610200, 32, 0.00),
(101, 610200, 33, 0.00),
(101, 610200, 34, 0.00),
(101, 610300, 1, 0.00),
(101, 610300, 2, 0.00),
(101, 610300, 3, 0.00),
(101, 610300, 4, 0.00),
(101, 610300, 5, 0.00),
(101, 610300, 6, 0.00),
(101, 610300, 7, 0.00),
(101, 610300, 8, 0.00),
(101, 610300, 9, 0.00),
(101, 610300, 10, 0.00),
(101, 610300, 20, 0.00),
(101, 610300, 21, 0.00),
(101, 610300, 22, 0.00),
(101, 610300, 23, 0.00),
(101, 610300, 24, 0.00),
(101, 610300, 25, 0.00),
(101, 610300, 26, 0.00),
(101, 610300, 27, 0.00),
(101, 610300, 28, 0.00),
(101, 610300, 29, 0.00),
(101, 610300, 30, 0.00),
(101, 610300, 31, 0.00),
(101, 610300, 32, 0.00),
(101, 610300, 33, 0.00),
(101, 610300, 34, 0.00),
(101, 610400, 1, 0.00),
(101, 610400, 2, 0.00),
(101, 610400, 3, 0.00),
(101, 610400, 4, 0.00),
(101, 610400, 5, 0.00),
(101, 610400, 6, 0.00),
(101, 610400, 7, 0.00),
(101, 610400, 8, 0.00),
(101, 610400, 9, 0.00),
(101, 610400, 10, 0.00),
(101, 610400, 20, 0.00),
(101, 610400, 21, 0.00),
(101, 610400, 22, 0.00),
(101, 610400, 23, 0.00),
(101, 610400, 24, 0.00),
(101, 610400, 25, 0.00),
(101, 610400, 26, 0.00),
(101, 610400, 27, 0.00),
(101, 610400, 28, 0.00),
(101, 610400, 29, 0.00),
(101, 610400, 30, 0.00),
(101, 610400, 31, 0.00),
(101, 610400, 32, 0.00),
(101, 610400, 33, 0.00),
(101, 610400, 34, 0.00),
(101, 610500, 1, 0.00),
(101, 610500, 2, 0.00),
(101, 610500, 3, 0.00),
(101, 610500, 4, 0.00),
(101, 610500, 5, 0.00),
(101, 610500, 6, 0.00),
(101, 610500, 7, 0.00),
(101, 610500, 8, 0.00),
(101, 610500, 9, 0.00),
(101, 610500, 10, 0.00),
(101, 610500, 20, 0.00),
(101, 610500, 21, 0.00),
(101, 610500, 22, 0.00),
(101, 610500, 23, 0.00),
(101, 610500, 24, 0.00),
(101, 610500, 25, 0.00),
(101, 610500, 26, 0.00),
(101, 610500, 27, 0.00),
(101, 610500, 28, 0.00),
(101, 610500, 29, 0.00),
(101, 610500, 30, 0.00),
(101, 610500, 31, 0.00),
(101, 610500, 32, 0.00),
(101, 610500, 33, 0.00),
(101, 610500, 34, 0.00),
(101, 610600, 1, 0.00),
(101, 610600, 2, 0.00),
(101, 610600, 3, 0.00),
(101, 610600, 4, 0.00),
(101, 610600, 5, 0.00),
(101, 610600, 6, 0.00),
(101, 610600, 7, 0.00),
(101, 610600, 8, 0.00),
(101, 610600, 9, 0.00),
(101, 610600, 10, 0.00),
(101, 610600, 20, 0.00),
(101, 610600, 21, 0.00),
(101, 610600, 22, 0.00),
(101, 610600, 23, 0.00),
(101, 610600, 24, 0.00),
(101, 610600, 25, 0.00),
(101, 610600, 26, 0.00),
(101, 610600, 27, 0.00),
(101, 610600, 28, 0.00),
(101, 610600, 29, 0.00),
(101, 610600, 30, 0.00),
(101, 610600, 31, 0.00),
(101, 610600, 32, 0.00),
(101, 610600, 33, 0.00),
(101, 610600, 34, 0.00),
(101, 610700, 1, 0.00),
(101, 610700, 2, 0.00),
(101, 610700, 3, 0.00),
(101, 610700, 4, 0.00),
(101, 610700, 5, 0.00),
(101, 610700, 6, 0.00),
(101, 610700, 7, 0.00),
(101, 610700, 8, 0.00),
(101, 610700, 9, 0.00),
(101, 610700, 10, 0.00),
(101, 610700, 20, 0.00),
(101, 610700, 21, 0.00),
(101, 610700, 22, 0.00),
(101, 610700, 23, 0.00),
(101, 610700, 24, 0.00),
(101, 610700, 25, 0.00),
(101, 610700, 26, 0.00),
(101, 610700, 27, 0.00),
(101, 610700, 28, 0.00),
(101, 610700, 29, 0.00),
(101, 610700, 30, 0.00),
(101, 610700, 31, 0.00),
(101, 610700, 32, 0.00),
(101, 610700, 33, 0.00),
(101, 610700, 34, 0.00),
(101, 610800, 1, 0.00),
(101, 610800, 2, 0.00),
(101, 610800, 3, 0.00),
(101, 610800, 4, 0.00),
(101, 610800, 5, 0.00),
(101, 610800, 6, 0.00),
(101, 610800, 7, 0.00),
(101, 610800, 8, 0.00),
(101, 610800, 9, 0.00),
(101, 610800, 10, 0.00),
(101, 610800, 20, 0.00),
(101, 610800, 21, 0.00),
(101, 610800, 22, 0.00),
(101, 610800, 23, 0.00),
(101, 610800, 24, 0.00),
(101, 610800, 25, 0.00),
(101, 610800, 26, 0.00),
(101, 610800, 27, 0.00),
(101, 610800, 28, 0.00),
(101, 610800, 29, 0.00),
(101, 610800, 30, 0.00),
(101, 610800, 31, 0.00),
(101, 610800, 32, 0.00),
(101, 610800, 33, 0.00),
(101, 610800, 34, 0.00),
(101, 610900, 1, 0.00),
(101, 610900, 2, 0.00),
(101, 610900, 3, 0.00),
(101, 610900, 4, 0.00),
(101, 610900, 5, 0.00),
(101, 610900, 6, 0.00),
(101, 610900, 7, 0.00),
(101, 610900, 8, 0.00),
(101, 610900, 9, 0.00),
(101, 610900, 10, 0.00),
(101, 610900, 20, 0.00),
(101, 610900, 21, 0.00),
(101, 610900, 22, 0.00),
(101, 610900, 23, 0.00),
(101, 610900, 24, 0.00),
(101, 610900, 25, 0.00),
(101, 610900, 26, 0.00),
(101, 610900, 27, 0.00),
(101, 610900, 28, 0.00),
(101, 610900, 29, 0.00),
(101, 610900, 30, 0.00),
(101, 610900, 31, 0.00),
(101, 610900, 32, 0.00),
(101, 610900, 33, 0.00),
(101, 610900, 34, 0.00),
(101, 611000, 1, 0.00),
(101, 611000, 2, 0.00),
(101, 611000, 3, 0.00),
(101, 611000, 4, 0.00),
(101, 611000, 5, 0.00),
(101, 611000, 6, 0.00),
(101, 611000, 7, 0.00),
(101, 611000, 8, 0.00),
(101, 611000, 9, 0.00),
(101, 611000, 10, 0.00),
(101, 611000, 20, 0.00),
(101, 611000, 21, 0.00),
(101, 611000, 22, 0.00),
(101, 611000, 23, 0.00),
(101, 611000, 24, 0.00),
(101, 611000, 25, 0.00),
(101, 611000, 26, 0.00),
(101, 611000, 27, 0.00),
(101, 611000, 28, 0.00),
(101, 611000, 29, 0.00),
(101, 611000, 30, 0.00),
(101, 611000, 31, 0.00),
(101, 611000, 32, 0.00),
(101, 611000, 33, 0.00),
(101, 611000, 34, 0.00),
(101, 611100, 1, 0.00),
(101, 611100, 2, 0.00),
(101, 611100, 3, 0.00),
(101, 611100, 4, 0.00),
(101, 611100, 5, 0.00),
(101, 611100, 6, 0.00),
(101, 611100, 7, 0.00),
(101, 611100, 8, 0.00),
(101, 611100, 9, 0.00),
(101, 611100, 10, 0.00),
(101, 611100, 20, 0.00),
(101, 611100, 21, 0.00),
(101, 611100, 22, 0.00),
(101, 611100, 23, 0.00),
(101, 611100, 24, 0.00),
(101, 611100, 25, 0.00),
(101, 611100, 26, 0.00),
(101, 611100, 27, 0.00),
(101, 611100, 28, 0.00),
(101, 611100, 29, 0.00),
(101, 611100, 30, 0.00),
(101, 611100, 31, 0.00),
(101, 611100, 32, 0.00),
(101, 611100, 33, 0.00),
(101, 611100, 34, 0.00),
(101, 611200, 1, 0.00),
(101, 611200, 2, 0.00),
(101, 611200, 3, 0.00),
(101, 611200, 4, 0.00),
(101, 611200, 5, 0.00),
(101, 611200, 6, 0.00),
(101, 611200, 7, 0.00),
(101, 611200, 8, 0.00),
(101, 611200, 9, 0.00),
(101, 611200, 10, 0.00),
(101, 611200, 20, 0.00),
(101, 611200, 21, 0.00),
(101, 611200, 22, 0.00),
(101, 611200, 23, 0.00),
(101, 611200, 24, 0.00),
(101, 611200, 25, 0.00),
(101, 611200, 26, 0.00),
(101, 611200, 27, 0.00),
(101, 611200, 28, 0.00),
(101, 611200, 29, 0.00),
(101, 611200, 30, 0.00),
(101, 611200, 31, 0.00),
(101, 611200, 32, 0.00),
(101, 611200, 33, 0.00),
(101, 611200, 34, 0.00),
(101, 620000, 1, 0.00),
(101, 620000, 2, 0.00),
(101, 620000, 3, 0.00),
(101, 620000, 4, 0.00),
(101, 620000, 5, 0.00),
(101, 620000, 6, 0.00),
(101, 620000, 7, 0.00),
(101, 620000, 8, 0.00),
(101, 620000, 9, 0.00),
(101, 620000, 10, 0.00),
(101, 620000, 20, 0.00),
(101, 620000, 21, 0.00),
(101, 620000, 22, 0.00),
(101, 620000, 23, 0.00),
(101, 620000, 24, 0.00),
(101, 620000, 25, 0.00),
(101, 620000, 26, 0.00),
(101, 620000, 27, 0.00),
(101, 620000, 28, 0.00),
(101, 620000, 29, 0.00),
(101, 620000, 30, 0.00),
(101, 620000, 31, 0.00),
(101, 620000, 32, 0.00),
(101, 620000, 33, 0.00),
(101, 620000, 34, 0.00),
(101, 620100, 1, 0.00),
(101, 620100, 2, 0.00),
(101, 620100, 3, 0.00),
(101, 620100, 4, 0.00),
(101, 620100, 5, 0.00),
(101, 620100, 6, 0.00),
(101, 620100, 7, 0.00),
(101, 620100, 8, 0.00),
(101, 620100, 9, 0.00),
(101, 620100, 10, 0.00),
(101, 620100, 20, 0.00),
(101, 620100, 21, 0.00),
(101, 620100, 22, 0.00),
(101, 620100, 23, 0.00),
(101, 620100, 24, 0.00),
(101, 620100, 25, 0.00),
(101, 620100, 26, 0.00),
(101, 620100, 27, 0.00),
(101, 620100, 28, 0.00),
(101, 620100, 29, 0.00),
(101, 620100, 30, 0.00),
(101, 620100, 31, 0.00),
(101, 620100, 32, 0.00),
(101, 620100, 33, 0.00),
(101, 620100, 34, 0.00),
(101, 620200, 1, 0.00),
(101, 620200, 2, 0.00),
(101, 620200, 3, 0.00),
(101, 620200, 4, 0.00),
(101, 620200, 5, 0.00),
(101, 620200, 6, 0.00),
(101, 620200, 7, 0.00),
(101, 620200, 8, 0.00),
(101, 620200, 9, 0.00),
(101, 620200, 10, 0.00),
(101, 620200, 20, 0.00),
(101, 620200, 21, 0.00),
(101, 620200, 22, 0.00),
(101, 620200, 23, 0.00),
(101, 620200, 24, 0.00),
(101, 620200, 25, 0.00),
(101, 620200, 26, 0.00),
(101, 620200, 27, 0.00),
(101, 620200, 28, 0.00),
(101, 620200, 29, 0.00),
(101, 620200, 30, 0.00),
(101, 620200, 31, 0.00),
(101, 620200, 32, 0.00),
(101, 620200, 33, 0.00),
(101, 620200, 34, 0.00),
(101, 620300, 1, 0.00),
(101, 620300, 2, 0.00),
(101, 620300, 3, 0.00),
(101, 620300, 4, 0.00),
(101, 620300, 5, 0.00),
(101, 620300, 6, 0.00),
(101, 620300, 7, 0.00),
(101, 620300, 8, 0.00),
(101, 620300, 9, 0.00),
(101, 620300, 10, 0.00),
(101, 620300, 20, 0.00),
(101, 620300, 21, 0.00),
(101, 620300, 22, 0.00),
(101, 620300, 23, 0.00),
(101, 620300, 24, 0.00),
(101, 620300, 25, 0.00),
(101, 620300, 26, 0.00),
(101, 620300, 27, 0.00),
(101, 620300, 28, 0.00),
(101, 620300, 29, 0.00),
(101, 620300, 30, 0.00),
(101, 620300, 31, 0.00),
(101, 620300, 32, 0.00),
(101, 620300, 33, 0.00),
(101, 620300, 34, 0.00),
(101, 630000, 1, 0.00),
(101, 630000, 2, 0.00),
(101, 630000, 3, 0.00),
(101, 630000, 4, 0.00),
(101, 630000, 5, 0.00),
(101, 630000, 6, 0.00),
(101, 630000, 7, 0.00),
(101, 630000, 8, 0.00),
(101, 630000, 9, 0.00),
(101, 630000, 10, 0.00),
(101, 630000, 20, 0.00),
(101, 630000, 21, 0.00),
(101, 630000, 22, 0.00),
(101, 630000, 23, 0.00),
(101, 630000, 24, 0.00),
(101, 630000, 25, 0.00),
(101, 630000, 26, 0.00),
(101, 630000, 27, 0.00),
(101, 630000, 28, 0.00),
(101, 630000, 29, 0.00),
(101, 630000, 30, 0.00),
(101, 630000, 31, 0.00),
(101, 630000, 32, 0.00),
(101, 630000, 33, 0.00),
(101, 630000, 34, 0.00),
(101, 630100, 1, 0.00),
(101, 630100, 2, 0.00),
(101, 630100, 3, 0.00),
(101, 630100, 4, 0.00),
(101, 630100, 5, 0.00),
(101, 630100, 6, 0.00),
(101, 630100, 7, 0.00),
(101, 630100, 8, 0.00),
(101, 630100, 9, 0.00),
(101, 630100, 10, 0.00),
(101, 630100, 20, 0.00),
(101, 630100, 21, 0.00),
(101, 630100, 22, 0.00),
(101, 630100, 23, 0.00),
(101, 630100, 24, 0.00),
(101, 630100, 25, 0.00),
(101, 630100, 26, 0.00),
(101, 630100, 27, 0.00),
(101, 630100, 28, 0.00),
(101, 630100, 29, 0.00),
(101, 630100, 30, 0.00),
(101, 630100, 31, 0.00),
(101, 630100, 32, 0.00),
(101, 630100, 33, 0.00),
(101, 630100, 34, 0.00),
(101, 630200, 1, 0.00),
(101, 630200, 2, 0.00),
(101, 630200, 3, 0.00),
(101, 630200, 4, 0.00),
(101, 630200, 5, 0.00),
(101, 630200, 6, 0.00),
(101, 630200, 7, 0.00),
(101, 630200, 8, 0.00),
(101, 630200, 9, 0.00),
(101, 630200, 10, 0.00),
(101, 630200, 20, 0.00),
(101, 630200, 21, 0.00),
(101, 630200, 22, 0.00),
(101, 630200, 23, 0.00),
(101, 630200, 24, 0.00),
(101, 630200, 25, 0.00),
(101, 630200, 26, 0.00),
(101, 630200, 27, 0.00),
(101, 630200, 28, 0.00),
(101, 630200, 29, 0.00),
(101, 630200, 30, 0.00),
(101, 630200, 31, 0.00),
(101, 630200, 32, 0.00),
(101, 630200, 33, 0.00),
(101, 630200, 34, 0.00),
(101, 630300, 1, 0.00),
(101, 630300, 2, 0.00),
(101, 630300, 3, 0.00),
(101, 630300, 4, 0.00),
(101, 630300, 5, 0.00),
(101, 630300, 6, 0.00),
(101, 630300, 7, 0.00),
(101, 630300, 8, 0.00),
(101, 630300, 9, 0.00),
(101, 630300, 10, 0.00),
(101, 630300, 20, 0.00),
(101, 630300, 21, 0.00),
(101, 630300, 22, 0.00),
(101, 630300, 23, 0.00),
(101, 630300, 24, 0.00),
(101, 630300, 25, 0.00),
(101, 630300, 26, 0.00),
(101, 630300, 27, 0.00),
(101, 630300, 28, 0.00),
(101, 630300, 29, 0.00),
(101, 630300, 30, 0.00),
(101, 630300, 31, 0.00),
(101, 630300, 32, 0.00),
(101, 630300, 33, 0.00),
(101, 630300, 34, 0.00),
(101, 630400, 1, 0.00),
(101, 630400, 2, 0.00),
(101, 630400, 3, 0.00),
(101, 630400, 4, 0.00),
(101, 630400, 5, 0.00),
(101, 630400, 6, 0.00),
(101, 630400, 7, 0.00),
(101, 630400, 8, 0.00),
(101, 630400, 9, 0.00),
(101, 630400, 10, 0.00),
(101, 630400, 20, 0.00),
(101, 630400, 21, 0.00),
(101, 630400, 22, 0.00),
(101, 630400, 23, 0.00),
(101, 630400, 24, 0.00),
(101, 630400, 25, 0.00),
(101, 630400, 26, 0.00),
(101, 630400, 27, 0.00),
(101, 630400, 28, 0.00),
(101, 630400, 29, 0.00),
(101, 630400, 30, 0.00),
(101, 630400, 31, 0.00),
(101, 630400, 32, 0.00),
(101, 630400, 33, 0.00),
(101, 630400, 34, 0.00),
(101, 630500, 1, 0.00),
(101, 630500, 2, 0.00),
(101, 630500, 3, 0.00),
(101, 630500, 4, 0.00),
(101, 630500, 5, 0.00),
(101, 630500, 6, 0.00),
(101, 630500, 7, 0.00),
(101, 630500, 8, 0.00),
(101, 630500, 9, 0.00),
(101, 630500, 10, 0.00),
(101, 630500, 20, 0.00),
(101, 630500, 21, 0.00),
(101, 630500, 22, 0.00),
(101, 630500, 23, 0.00),
(101, 630500, 24, 0.00),
(101, 630500, 25, 0.00),
(101, 630500, 26, 0.00),
(101, 630500, 27, 0.00),
(101, 630500, 28, 0.00),
(101, 630500, 29, 0.00),
(101, 630500, 30, 0.00),
(101, 630500, 31, 0.00),
(101, 630500, 32, 0.00),
(101, 630500, 33, 0.00),
(101, 630500, 34, 0.00),
(101, 630600, 1, 0.00),
(101, 630600, 2, 0.00),
(101, 630600, 3, 0.00),
(101, 630600, 4, 0.00),
(101, 630600, 5, 0.00),
(101, 630600, 6, 0.00),
(101, 630600, 7, 0.00),
(101, 630600, 8, 0.00),
(101, 630600, 9, 0.00),
(101, 630600, 10, 0.00),
(101, 630600, 20, 0.00),
(101, 630600, 21, 0.00),
(101, 630600, 22, 0.00),
(101, 630600, 23, 0.00),
(101, 630600, 24, 0.00),
(101, 630600, 25, 0.00),
(101, 630600, 26, 0.00),
(101, 630600, 27, 0.00),
(101, 630600, 28, 0.00),
(101, 630600, 29, 0.00),
(101, 630600, 30, 0.00),
(101, 630600, 31, 0.00),
(101, 630600, 32, 0.00),
(101, 630600, 33, 0.00),
(101, 630600, 34, 0.00),
(101, 630700, 1, 0.00),
(101, 630700, 2, 0.00),
(101, 630700, 3, 0.00),
(101, 630700, 4, 0.00),
(101, 630700, 5, 0.00),
(101, 630700, 6, 0.00),
(101, 630700, 7, 0.00),
(101, 630700, 8, 0.00),
(101, 630700, 9, 0.00),
(101, 630700, 10, 0.00),
(101, 630700, 20, 0.00),
(101, 630700, 21, 0.00),
(101, 630700, 22, 0.00),
(101, 630700, 23, 0.00),
(101, 630700, 24, 0.00),
(101, 630700, 25, 0.00),
(101, 630700, 26, 0.00),
(101, 630700, 27, 0.00),
(101, 630700, 28, 0.00),
(101, 630700, 29, 0.00),
(101, 630700, 30, 0.00),
(101, 630700, 31, 0.00),
(101, 630700, 32, 0.00),
(101, 630700, 33, 0.00),
(101, 630700, 34, 0.00),
(101, 630800, 1, 0.00),
(101, 630800, 2, 0.00),
(101, 630800, 3, 0.00),
(101, 630800, 4, 0.00),
(101, 630800, 5, 0.00),
(101, 630800, 6, 0.00),
(101, 630800, 7, 0.00),
(101, 630800, 8, 0.00),
(101, 630800, 9, 0.00),
(101, 630800, 10, 0.00),
(101, 630800, 20, 0.00),
(101, 630800, 21, 0.00),
(101, 630800, 22, 0.00),
(101, 630800, 23, 0.00),
(101, 630800, 24, 0.00),
(101, 630800, 25, 0.00),
(101, 630800, 26, 0.00),
(101, 630800, 27, 0.00),
(101, 630800, 28, 0.00),
(101, 630800, 29, 0.00),
(101, 630800, 30, 0.00),
(101, 630800, 31, 0.00),
(101, 630800, 32, 0.00),
(101, 630800, 33, 0.00),
(101, 630800, 34, 0.00),
(101, 630900, 1, 0.00),
(101, 630900, 2, 0.00),
(101, 630900, 3, 0.00),
(101, 630900, 4, 0.00),
(101, 630900, 5, 0.00),
(101, 630900, 6, 0.00),
(101, 630900, 7, 0.00),
(101, 630900, 8, 0.00),
(101, 630900, 9, 0.00),
(101, 630900, 10, 0.00),
(101, 630900, 20, 0.00),
(101, 630900, 21, 0.00),
(101, 630900, 22, 0.00),
(101, 630900, 23, 0.00),
(101, 630900, 24, 0.00),
(101, 630900, 25, 0.00),
(101, 630900, 26, 0.00),
(101, 630900, 27, 0.00),
(101, 630900, 28, 0.00),
(101, 630900, 29, 0.00),
(101, 630900, 30, 0.00),
(101, 630900, 31, 0.00),
(101, 630900, 32, 0.00),
(101, 630900, 33, 0.00),
(101, 630900, 34, 0.00),
(101, 631000, 1, 0.00),
(101, 631000, 2, 0.00),
(101, 631000, 3, 0.00),
(101, 631000, 4, 0.00),
(101, 631000, 5, 0.00),
(101, 631000, 6, 0.00),
(101, 631000, 7, 0.00),
(101, 631000, 8, 0.00),
(101, 631000, 9, 0.00),
(101, 631000, 10, 0.00),
(101, 631000, 20, 0.00),
(101, 631000, 21, 0.00),
(101, 631000, 22, 0.00),
(101, 631000, 23, 0.00),
(101, 631000, 24, 0.00),
(101, 631000, 25, 0.00),
(101, 631000, 26, 0.00),
(101, 631000, 27, 0.00),
(101, 631000, 28, 0.00),
(101, 631000, 29, 0.00),
(101, 631000, 30, 0.00),
(101, 631000, 31, 0.00),
(101, 631000, 32, 0.00),
(101, 631000, 33, 0.00),
(101, 631000, 34, 0.00),
(101, 640000, 1, 0.00),
(101, 640000, 2, 0.00),
(101, 640000, 3, 0.00),
(101, 640000, 4, 0.00),
(101, 640000, 5, 0.00),
(101, 640000, 6, 0.00),
(101, 640000, 7, 0.00),
(101, 640000, 8, 0.00),
(101, 640000, 9, 0.00),
(101, 640000, 10, 0.00),
(101, 640000, 20, 0.00),
(101, 640000, 21, 0.00),
(101, 640000, 22, 0.00),
(101, 640000, 23, 0.00),
(101, 640000, 24, 0.00),
(101, 640000, 25, 0.00),
(101, 640000, 26, 0.00),
(101, 640000, 27, 0.00),
(101, 640000, 28, 0.00),
(101, 640000, 29, 0.00),
(101, 640000, 30, 0.00),
(101, 640000, 31, 0.00),
(101, 640000, 32, 0.00),
(101, 640000, 33, 0.00),
(101, 640000, 34, 0.00),
(101, 640100, 1, 0.00),
(101, 640100, 2, 0.00),
(101, 640100, 3, 0.00),
(101, 640100, 4, 0.00),
(101, 640100, 5, 0.00),
(101, 640100, 6, 0.00),
(101, 640100, 7, 0.00),
(101, 640100, 8, 0.00),
(101, 640100, 9, 0.00),
(101, 640100, 10, 0.00),
(101, 640100, 20, 0.00),
(101, 640100, 21, 0.00),
(101, 640100, 22, 0.00),
(101, 640100, 23, 0.00),
(101, 640100, 24, 0.00),
(101, 640100, 25, 0.00),
(101, 640100, 26, 0.00),
(101, 640100, 27, 0.00),
(101, 640100, 28, 0.00),
(101, 640100, 29, 0.00),
(101, 640100, 30, 0.00),
(101, 640100, 31, 0.00),
(101, 640100, 32, 0.00),
(101, 640100, 33, 0.00),
(101, 640100, 34, 0.00),
(101, 640200, 1, 0.00),
(101, 640200, 2, 0.00),
(101, 640200, 3, 0.00),
(101, 640200, 4, 0.00),
(101, 640200, 5, 0.00),
(101, 640200, 6, 0.00),
(101, 640200, 7, 0.00),
(101, 640200, 8, 0.00),
(101, 640200, 9, 0.00),
(101, 640200, 10, 0.00),
(101, 640200, 20, 0.00),
(101, 640200, 21, 0.00),
(101, 640200, 22, 0.00),
(101, 640200, 23, 0.00),
(101, 640200, 24, 0.00),
(101, 640200, 25, 0.00),
(101, 640200, 26, 0.00),
(101, 640200, 27, 0.00),
(101, 640200, 28, 0.00),
(101, 640200, 29, 0.00),
(101, 640200, 30, 0.00),
(101, 640200, 31, 0.00),
(101, 640200, 32, 0.00),
(101, 640200, 33, 0.00),
(101, 640200, 34, 0.00),
(101, 640300, 1, 0.00),
(101, 640300, 2, 0.00),
(101, 640300, 3, 0.00),
(101, 640300, 4, 0.00),
(101, 640300, 5, 0.00),
(101, 640300, 6, 0.00),
(101, 640300, 7, 0.00),
(101, 640300, 8, 0.00),
(101, 640300, 9, 0.00),
(101, 640300, 10, 0.00),
(101, 640300, 20, 0.00),
(101, 640300, 21, 0.00),
(101, 640300, 22, 0.00),
(101, 640300, 23, 0.00),
(101, 640300, 24, 0.00),
(101, 640300, 25, 0.00),
(101, 640300, 26, 0.00),
(101, 640300, 27, 0.00),
(101, 640300, 28, 0.00),
(101, 640300, 29, 0.00),
(101, 640300, 30, 0.00),
(101, 640300, 31, 0.00),
(101, 640300, 32, 0.00),
(101, 640300, 33, 0.00),
(101, 640300, 34, 0.00),
(101, 640400, 1, 0.00),
(101, 640400, 2, 0.00),
(101, 640400, 3, 0.00),
(101, 640400, 4, 0.00),
(101, 640400, 5, 0.00),
(101, 640400, 6, 0.00),
(101, 640400, 7, 0.00),
(101, 640400, 8, 0.00),
(101, 640400, 9, 0.00),
(101, 640400, 10, 0.00),
(101, 640400, 20, 0.00),
(101, 640400, 21, 0.00),
(101, 640400, 22, 0.00),
(101, 640400, 23, 0.00),
(101, 640400, 24, 0.00),
(101, 640400, 25, 0.00),
(101, 640400, 26, 0.00),
(101, 640400, 27, 0.00),
(101, 640400, 28, 0.00),
(101, 640400, 29, 0.00),
(101, 640400, 30, 0.00),
(101, 640400, 31, 0.00),
(101, 640400, 32, 0.00),
(101, 640400, 33, 0.00),
(101, 640400, 34, 0.00),
(101, 640500, 1, 0.00),
(101, 640500, 2, 0.00),
(101, 640500, 3, 0.00),
(101, 640500, 4, 0.00),
(101, 640500, 5, 0.00),
(101, 640500, 6, 0.00),
(101, 640500, 7, 0.00),
(101, 640500, 8, 0.00),
(101, 640500, 9, 0.00),
(101, 640500, 10, 0.00),
(101, 640500, 20, 0.00),
(101, 640500, 21, 0.00),
(101, 640500, 22, 0.00),
(101, 640500, 23, 0.00),
(101, 640500, 24, 0.00),
(101, 640500, 25, 0.00),
(101, 640500, 26, 0.00),
(101, 640500, 27, 0.00),
(101, 640500, 28, 0.00),
(101, 640500, 29, 0.00),
(101, 640500, 30, 0.00),
(101, 640500, 31, 0.00),
(101, 640500, 32, 0.00),
(101, 640500, 33, 0.00),
(101, 640500, 34, 0.00),
(101, 640600, 1, 0.00),
(101, 640600, 2, 0.00),
(101, 640600, 3, 0.00),
(101, 640600, 4, 0.00),
(101, 640600, 5, 0.00),
(101, 640600, 6, 0.00),
(101, 640600, 7, 0.00),
(101, 640600, 8, 0.00),
(101, 640600, 9, 0.00),
(101, 640600, 10, 0.00),
(101, 640600, 20, 0.00),
(101, 640600, 21, 0.00),
(101, 640600, 22, 0.00),
(101, 640600, 23, 0.00),
(101, 640600, 24, 0.00),
(101, 640600, 25, 0.00),
(101, 640600, 26, 0.00),
(101, 640600, 27, 0.00),
(101, 640600, 28, 0.00),
(101, 640600, 29, 0.00),
(101, 640600, 30, 0.00),
(101, 640600, 31, 0.00),
(101, 640600, 32, 0.00),
(101, 640600, 33, 0.00),
(101, 640600, 34, 0.00),
(101, 640800, 1, 0.00),
(101, 640800, 2, 0.00),
(101, 640800, 3, 0.00),
(101, 640800, 4, 0.00),
(101, 640800, 5, 0.00),
(101, 640800, 6, 0.00),
(101, 640800, 7, 0.00),
(101, 640800, 8, 0.00),
(101, 640800, 9, 0.00),
(101, 640800, 10, 0.00),
(101, 640800, 20, 0.00),
(101, 640800, 21, 0.00),
(101, 640800, 22, 0.00),
(101, 640800, 23, 0.00),
(101, 640800, 24, 0.00),
(101, 640800, 25, 0.00),
(101, 640800, 26, 0.00),
(101, 640800, 27, 0.00),
(101, 640800, 28, 0.00),
(101, 640800, 29, 0.00),
(101, 640800, 30, 0.00),
(101, 640800, 31, 0.00),
(101, 640800, 32, 0.00),
(101, 640800, 33, 0.00),
(101, 640800, 34, 0.00),
(101, 640900, 1, 0.00),
(101, 640900, 2, 0.00),
(101, 640900, 3, 0.00),
(101, 640900, 4, 0.00),
(101, 640900, 5, 0.00),
(101, 640900, 6, 0.00),
(101, 640900, 7, 0.00),
(101, 640900, 8, 0.00),
(101, 640900, 9, 0.00),
(101, 640900, 10, 0.00),
(101, 640900, 20, 0.00),
(101, 640900, 21, 0.00),
(101, 640900, 22, 0.00),
(101, 640900, 23, 0.00),
(101, 640900, 24, 0.00),
(101, 640900, 25, 0.00),
(101, 640900, 26, 0.00),
(101, 640900, 27, 0.00),
(101, 640900, 28, 0.00),
(101, 640900, 29, 0.00),
(101, 640900, 30, 0.00),
(101, 640900, 31, 0.00),
(101, 640900, 32, 0.00),
(101, 640900, 33, 0.00),
(101, 640900, 34, 0.00),
(101, 641000, 1, 0.00),
(101, 641000, 2, 0.00),
(101, 641000, 3, 0.00),
(101, 641000, 4, 0.00),
(101, 641000, 5, 0.00),
(101, 641000, 6, 0.00),
(101, 641000, 7, 0.00),
(101, 641000, 8, 0.00),
(101, 641000, 9, 0.00),
(101, 641000, 10, 0.00),
(101, 641000, 20, 0.00),
(101, 641000, 21, 0.00),
(101, 641000, 22, 0.00),
(101, 641000, 23, 0.00),
(101, 641000, 24, 0.00),
(101, 641000, 25, 0.00),
(101, 641000, 26, 0.00),
(101, 641000, 27, 0.00),
(101, 641000, 28, 0.00),
(101, 641000, 29, 0.00),
(101, 641000, 30, 0.00),
(101, 641000, 31, 0.00),
(101, 641000, 32, 0.00),
(101, 641000, 33, 0.00),
(101, 641000, 34, 0.00),
(101, 650000, 1, 0.00),
(101, 650000, 2, 0.00),
(101, 650000, 3, 0.00),
(101, 650000, 4, 0.00),
(101, 650000, 5, 0.00),
(101, 650000, 6, 0.00),
(101, 650000, 7, 0.00),
(101, 650000, 8, 0.00),
(101, 650000, 9, 0.00),
(101, 650000, 10, 0.00),
(101, 650000, 20, 0.00),
(101, 650000, 21, 0.00),
(101, 650000, 22, 0.00),
(101, 650000, 23, 0.00),
(101, 650000, 24, 0.00),
(101, 650000, 25, 0.00),
(101, 650000, 26, 0.00),
(101, 650000, 27, 0.00),
(101, 650000, 28, 0.00),
(101, 650000, 29, 0.00),
(101, 650000, 30, 0.00),
(101, 650000, 31, 0.00),
(101, 650000, 32, 0.00),
(101, 650000, 33, 0.00),
(101, 650000, 34, 0.00),
(101, 650100, 1, 0.00),
(101, 650100, 2, 0.00),
(101, 650100, 3, 0.00),
(101, 650100, 4, 0.00),
(101, 650100, 5, 0.00),
(101, 650100, 6, 0.00),
(101, 650100, 7, 0.00),
(101, 650100, 8, 0.00),
(101, 650100, 9, 0.00),
(101, 650100, 10, 0.00),
(101, 650100, 20, 0.00),
(101, 650100, 21, 0.00),
(101, 650100, 22, 0.00),
(101, 650100, 23, 0.00),
(101, 650100, 24, 0.00),
(101, 650100, 25, 0.00),
(101, 650100, 26, 0.00),
(101, 650100, 27, 0.00),
(101, 650100, 28, 0.00),
(101, 650100, 29, 0.00),
(101, 650100, 30, 0.00),
(101, 650100, 31, 0.00),
(101, 650100, 32, 0.00),
(101, 650100, 33, 0.00),
(101, 650100, 34, 0.00),
(101, 650200, 1, 0.00),
(101, 650200, 2, 0.00),
(101, 650200, 3, 0.00),
(101, 650200, 4, 0.00),
(101, 650200, 5, 0.00),
(101, 650200, 6, 0.00),
(101, 650200, 7, 0.00),
(101, 650200, 8, 0.00),
(101, 650200, 9, 0.00),
(101, 650200, 10, 0.00),
(101, 650200, 20, 0.00),
(101, 650200, 21, 0.00),
(101, 650200, 22, 0.00),
(101, 650200, 23, 0.00),
(101, 650200, 24, 0.00),
(101, 650200, 25, 0.00),
(101, 650200, 26, 0.00),
(101, 650200, 27, 0.00),
(101, 650200, 28, 0.00),
(101, 650200, 29, 0.00),
(101, 650200, 30, 0.00),
(101, 650200, 31, 0.00),
(101, 650200, 32, 0.00),
(101, 650200, 33, 0.00),
(101, 650200, 34, 0.00),
(101, 650300, 1, 0.00),
(101, 650300, 2, 0.00),
(101, 650300, 3, 0.00),
(101, 650300, 4, 0.00),
(101, 650300, 5, 0.00),
(101, 650300, 6, 0.00),
(101, 650300, 7, 0.00),
(101, 650300, 8, 0.00),
(101, 650300, 9, 0.00),
(101, 650300, 10, 0.00),
(101, 650300, 20, 0.00),
(101, 650300, 21, 0.00),
(101, 650300, 22, 0.00),
(101, 650300, 23, 0.00),
(101, 650300, 24, 0.00),
(101, 650300, 25, 0.00),
(101, 650300, 26, 0.00),
(101, 650300, 27, 0.00),
(101, 650300, 28, 0.00),
(101, 650300, 29, 0.00),
(101, 650300, 30, 0.00),
(101, 650300, 31, 0.00),
(101, 650300, 32, 0.00),
(101, 650300, 33, 0.00),
(101, 650300, 34, 0.00),
(101, 650400, 1, 0.00),
(101, 650400, 2, 0.00),
(101, 650400, 3, 0.00),
(101, 650400, 4, 0.00),
(101, 650400, 5, 0.00),
(101, 650400, 6, 0.00),
(101, 650400, 7, 0.00),
(101, 650400, 8, 0.00),
(101, 650400, 9, 0.00),
(101, 650400, 10, 0.00),
(101, 650400, 20, 0.00),
(101, 650400, 21, 0.00),
(101, 650400, 22, 0.00),
(101, 650400, 23, 0.00),
(101, 650400, 24, 0.00),
(101, 650400, 25, 0.00),
(101, 650400, 26, 0.00),
(101, 650400, 27, 0.00),
(101, 650400, 28, 0.00),
(101, 650400, 29, 0.00),
(101, 650400, 30, 0.00),
(101, 650400, 31, 0.00),
(101, 650400, 32, 0.00),
(101, 650400, 33, 0.00),
(101, 650400, 34, 0.00),
(101, 650500, 1, 0.00),
(101, 650500, 2, 0.00),
(101, 650500, 3, 0.00),
(101, 650500, 4, 0.00),
(101, 650500, 5, 0.00),
(101, 650500, 6, 0.00),
(101, 650500, 7, 0.00),
(101, 650500, 8, 0.00),
(101, 650500, 9, 0.00),
(101, 650500, 10, 0.00),
(101, 650500, 20, 0.00),
(101, 650500, 21, 0.00),
(101, 650500, 22, 0.00),
(101, 650500, 23, 0.00),
(101, 650500, 24, 0.00),
(101, 650500, 25, 0.00),
(101, 650500, 26, 0.00),
(101, 650500, 27, 0.00),
(101, 650500, 28, 0.00),
(101, 650500, 29, 0.00),
(101, 650500, 30, 0.00),
(101, 650500, 31, 0.00),
(101, 650500, 32, 0.00),
(101, 650500, 33, 0.00),
(101, 650500, 34, 0.00),
(101, 650600, 1, 0.00),
(101, 650600, 2, 0.00),
(101, 650600, 3, 0.00),
(101, 650600, 4, 0.00),
(101, 650600, 5, 0.00),
(101, 650600, 6, 0.00),
(101, 650600, 7, 0.00),
(101, 650600, 8, 0.00),
(101, 650600, 9, 0.00),
(101, 650600, 10, 0.00),
(101, 650600, 20, 0.00),
(101, 650600, 21, 0.00),
(101, 650600, 22, 0.00),
(101, 650600, 23, 0.00),
(101, 650600, 24, 0.00),
(101, 650600, 25, 0.00),
(101, 650600, 26, 0.00),
(101, 650600, 27, 0.00),
(101, 650600, 28, 0.00),
(101, 650600, 29, 0.00),
(101, 650600, 30, 0.00),
(101, 650600, 31, 0.00),
(101, 650600, 32, 0.00),
(101, 650600, 33, 0.00),
(101, 650600, 34, 0.00),
(101, 650700, 1, 0.00),
(101, 650700, 2, 0.00),
(101, 650700, 3, 0.00),
(101, 650700, 4, 0.00),
(101, 650700, 5, 0.00),
(101, 650700, 6, 0.00),
(101, 650700, 7, 0.00),
(101, 650700, 8, 0.00),
(101, 650700, 9, 0.00),
(101, 650700, 10, 0.00),
(101, 650700, 20, 0.00),
(101, 650700, 21, 0.00),
(101, 650700, 22, 0.00),
(101, 650700, 23, 0.00),
(101, 650700, 24, 0.00),
(101, 650700, 25, 0.00),
(101, 650700, 26, 0.00),
(101, 650700, 27, 0.00),
(101, 650700, 28, 0.00),
(101, 650700, 29, 0.00),
(101, 650700, 30, 0.00),
(101, 650700, 31, 0.00),
(101, 650700, 32, 0.00),
(101, 650700, 33, 0.00),
(101, 650700, 34, 0.00),
(101, 650800, 1, 0.00),
(101, 650800, 2, 0.00),
(101, 650800, 3, 0.00),
(101, 650800, 4, 0.00),
(101, 650800, 5, 0.00),
(101, 650800, 6, 0.00),
(101, 650800, 7, 0.00),
(101, 650800, 8, 0.00),
(101, 650800, 9, 0.00),
(101, 650800, 10, 0.00),
(101, 650800, 20, 0.00),
(101, 650800, 21, 0.00),
(101, 650800, 22, 0.00),
(101, 650800, 23, 0.00),
(101, 650800, 24, 0.00),
(101, 650800, 25, 0.00),
(101, 650800, 26, 0.00),
(101, 650800, 27, 0.00),
(101, 650800, 28, 0.00),
(101, 650800, 29, 0.00),
(101, 650800, 30, 0.00),
(101, 650800, 31, 0.00),
(101, 650800, 32, 0.00),
(101, 650800, 33, 0.00),
(101, 650800, 34, 0.00),
(101, 650900, 1, 0.00),
(101, 650900, 2, 0.00),
(101, 650900, 3, 0.00),
(101, 650900, 4, 0.00),
(101, 650900, 5, 0.00),
(101, 650900, 6, 0.00),
(101, 650900, 7, 0.00),
(101, 650900, 8, 0.00),
(101, 650900, 9, 0.00),
(101, 650900, 10, 0.00),
(101, 650900, 20, 0.00),
(101, 650900, 21, 0.00),
(101, 650900, 22, 0.00),
(101, 650900, 23, 0.00),
(101, 650900, 24, 0.00),
(101, 650900, 25, 0.00),
(101, 650900, 26, 0.00),
(101, 650900, 27, 0.00),
(101, 650900, 28, 0.00),
(101, 650900, 29, 0.00),
(101, 650900, 30, 0.00),
(101, 650900, 31, 0.00),
(101, 650900, 32, 0.00),
(101, 650900, 33, 0.00),
(101, 650900, 34, 0.00),
(101, 651000, 1, 0.00),
(101, 651000, 2, 0.00),
(101, 651000, 3, 0.00),
(101, 651000, 4, 0.00),
(101, 651000, 5, 0.00),
(101, 651000, 6, 0.00),
(101, 651000, 7, 0.00),
(101, 651000, 8, 0.00),
(101, 651000, 9, 0.00),
(101, 651000, 10, 0.00),
(101, 651000, 20, 0.00),
(101, 651000, 21, 0.00),
(101, 651000, 22, 0.00),
(101, 651000, 23, 0.00),
(101, 651000, 24, 0.00),
(101, 651000, 25, 0.00),
(101, 651000, 26, 0.00),
(101, 651000, 27, 0.00),
(101, 651000, 28, 0.00),
(101, 651000, 29, 0.00),
(101, 651000, 30, 0.00),
(101, 651000, 31, 0.00),
(101, 651000, 32, 0.00),
(101, 651000, 33, 0.00),
(101, 651000, 34, 0.00),
(101, 651100, 1, 0.00),
(101, 651100, 2, 0.00),
(101, 651100, 3, 0.00),
(101, 651100, 4, 0.00),
(101, 651100, 5, 0.00),
(101, 651100, 6, 0.00),
(101, 651100, 7, 0.00),
(101, 651100, 8, 0.00),
(101, 651100, 9, 0.00),
(101, 651100, 10, 0.00),
(101, 651100, 20, 0.00),
(101, 651100, 21, 0.00),
(101, 651100, 22, 0.00),
(101, 651100, 23, 0.00),
(101, 651100, 24, 0.00),
(101, 651100, 25, 0.00),
(101, 651100, 26, 0.00),
(101, 651100, 27, 0.00),
(101, 651100, 28, 0.00),
(101, 651100, 29, 0.00),
(101, 651100, 30, 0.00),
(101, 651100, 31, 0.00),
(101, 651100, 32, 0.00),
(101, 651100, 33, 0.00),
(101, 651100, 34, 0.00),
(101, 660000, 1, 0.00),
(101, 660000, 2, 0.00),
(101, 660000, 3, 0.00),
(101, 660000, 4, 0.00),
(101, 660000, 5, 0.00),
(101, 660000, 6, 0.00),
(101, 660000, 7, 0.00),
(101, 660000, 8, 0.00),
(101, 660000, 9, 0.00),
(101, 660000, 10, 0.00),
(101, 660000, 20, 0.00),
(101, 660000, 21, 0.00),
(101, 660000, 22, 0.00),
(101, 660000, 23, 0.00),
(101, 660000, 24, 0.00),
(101, 660000, 25, 0.00),
(101, 660000, 26, 0.00),
(101, 660000, 27, 0.00),
(101, 660000, 28, 0.00),
(101, 660000, 29, 0.00),
(101, 660000, 30, 0.00),
(101, 660000, 31, 0.00),
(101, 660000, 32, 0.00),
(101, 660000, 33, 0.00),
(101, 660000, 34, 0.00),
(101, 660100, 1, 0.00),
(101, 660100, 2, 0.00),
(101, 660100, 3, 0.00),
(101, 660100, 4, 0.00),
(101, 660100, 5, 0.00),
(101, 660100, 6, 0.00),
(101, 660100, 7, 0.00),
(101, 660100, 8, 0.00),
(101, 660100, 9, 0.00),
(101, 660100, 10, 0.00),
(101, 660100, 20, 0.00),
(101, 660100, 21, 0.00),
(101, 660100, 22, 0.00),
(101, 660100, 23, 0.00),
(101, 660100, 24, 0.00),
(101, 660100, 25, 0.00),
(101, 660100, 26, 0.00),
(101, 660100, 27, 0.00),
(101, 660100, 28, 0.00),
(101, 660100, 29, 0.00),
(101, 660100, 30, 0.00),
(101, 660100, 31, 0.00),
(101, 660100, 32, 0.00),
(101, 660100, 33, 0.00),
(101, 660100, 34, 0.00),
(101, 660200, 1, 0.00),
(101, 660200, 2, 0.00),
(101, 660200, 3, 0.00),
(101, 660200, 4, 0.00),
(101, 660200, 5, 0.00),
(101, 660200, 6, 0.00),
(101, 660200, 7, 0.00),
(101, 660200, 8, 0.00),
(101, 660200, 9, 0.00),
(101, 660200, 10, 0.00),
(101, 660200, 20, 0.00),
(101, 660200, 21, 0.00),
(101, 660200, 22, 0.00),
(101, 660200, 23, 0.00),
(101, 660200, 24, 0.00),
(101, 660200, 25, 0.00),
(101, 660200, 26, 0.00),
(101, 660200, 27, 0.00),
(101, 660200, 28, 0.00),
(101, 660200, 29, 0.00),
(101, 660200, 30, 0.00),
(101, 660200, 31, 0.00),
(101, 660200, 32, 0.00),
(101, 660200, 33, 0.00),
(101, 660200, 34, 0.00),
(101, 660300, 1, 0.00),
(101, 660300, 2, 0.00),
(101, 660300, 3, 0.00),
(101, 660300, 4, 0.00),
(101, 660300, 5, 0.00),
(101, 660300, 6, 0.00),
(101, 660300, 7, 0.00),
(101, 660300, 8, 0.00),
(101, 660300, 9, 0.00),
(101, 660300, 10, 0.00),
(101, 660300, 20, 0.00),
(101, 660300, 21, 0.00),
(101, 660300, 22, 0.00),
(101, 660300, 23, 0.00),
(101, 660300, 24, 0.00),
(101, 660300, 25, 0.00),
(101, 660300, 26, 0.00),
(101, 660300, 27, 0.00),
(101, 660300, 28, 0.00),
(101, 660300, 29, 0.00),
(101, 660300, 30, 0.00),
(101, 660300, 31, 0.00),
(101, 660300, 32, 0.00),
(101, 660300, 33, 0.00),
(101, 660300, 34, 0.00),
(101, 670000, 1, 0.00),
(101, 670000, 2, 0.00),
(101, 670000, 3, 0.00),
(101, 670000, 4, 0.00),
(101, 670000, 5, 0.00),
(101, 670000, 6, 0.00),
(101, 670000, 7, 0.00),
(101, 670000, 8, 0.00),
(101, 670000, 9, 0.00),
(101, 670000, 10, 0.00),
(101, 670000, 20, 0.00),
(101, 670000, 21, 0.00),
(101, 670000, 22, 0.00),
(101, 670000, 23, 0.00),
(101, 670000, 24, 0.00),
(101, 670000, 25, 0.00),
(101, 670000, 26, 0.00),
(101, 670000, 27, 0.00),
(101, 670000, 28, 0.00),
(101, 670000, 29, 0.00),
(101, 670000, 30, 0.00),
(101, 670000, 31, 0.00),
(101, 670000, 32, 0.00),
(101, 670000, 33, 0.00),
(101, 670000, 34, 0.00),
(101, 680000, 1, 0.00),
(101, 680000, 2, 0.00),
(101, 680000, 3, 0.00),
(101, 680000, 4, 0.00),
(101, 680000, 5, 0.00),
(101, 680000, 6, 0.00),
(101, 680000, 7, 0.00),
(101, 680000, 8, 0.00),
(101, 680000, 9, 0.00),
(101, 680000, 10, 0.00),
(101, 680000, 20, 0.00),
(101, 680000, 21, 0.00),
(101, 680000, 22, 0.00),
(101, 680000, 23, 0.00),
(101, 680000, 24, 0.00),
(101, 680000, 25, 0.00),
(101, 680000, 26, 0.00),
(101, 680000, 27, 0.00),
(101, 680000, 28, 0.00),
(101, 680000, 29, 0.00),
(101, 680000, 30, 0.00),
(101, 680000, 31, 0.00),
(101, 680000, 32, 0.00),
(101, 680000, 33, 0.00),
(101, 680000, 34, 0.00),
(101, 680100, 1, 0.00),
(101, 680100, 2, 0.00),
(101, 680100, 3, 0.00),
(101, 680100, 4, 0.00),
(101, 680100, 5, 0.00),
(101, 680100, 6, 0.00),
(101, 680100, 7, 0.00),
(101, 680100, 8, 0.00),
(101, 680100, 9, 0.00),
(101, 680100, 10, 0.00),
(101, 680100, 20, 0.00),
(101, 680100, 21, 0.00),
(101, 680100, 22, 0.00),
(101, 680100, 23, 0.00),
(101, 680100, 24, 0.00),
(101, 680100, 25, 0.00),
(101, 680100, 26, 0.00),
(101, 680100, 27, 0.00),
(101, 680100, 28, 0.00),
(101, 680100, 29, 0.00),
(101, 680100, 30, 0.00),
(101, 680100, 31, 0.00),
(101, 680100, 32, 0.00),
(101, 680100, 33, 0.00),
(101, 680100, 34, 0.00),
(101, 680200, 1, 0.00),
(101, 680200, 2, 0.00),
(101, 680200, 3, 0.00),
(101, 680200, 4, 0.00),
(101, 680200, 5, 0.00),
(101, 680200, 6, 0.00),
(101, 680200, 7, 0.00),
(101, 680200, 8, 0.00),
(101, 680200, 9, 0.00),
(101, 680200, 10, 0.00),
(101, 680200, 20, 0.00),
(101, 680200, 21, 0.00),
(101, 680200, 22, 0.00),
(101, 680200, 23, 0.00),
(101, 680200, 24, 0.00),
(101, 680200, 25, 0.00),
(101, 680200, 26, 0.00),
(101, 680200, 27, 0.00),
(101, 680200, 28, 0.00),
(101, 680200, 29, 0.00),
(101, 680200, 30, 0.00),
(101, 680200, 31, 0.00),
(101, 680200, 32, 0.00),
(101, 680200, 33, 0.00),
(101, 680200, 34, 0.00),
(101, 681200, 1, 0.00),
(101, 681200, 2, 0.00),
(101, 681200, 3, 0.00),
(101, 681200, 4, 0.00),
(101, 681200, 5, 0.00),
(101, 681200, 6, 0.00),
(101, 681200, 7, 0.00),
(101, 681200, 8, 0.00),
(101, 681200, 9, 0.00),
(101, 681200, 10, 0.00),
(101, 681200, 20, 0.00),
(101, 681200, 21, 0.00),
(101, 681200, 22, 0.00),
(101, 681200, 23, 0.00),
(101, 681200, 24, 0.00),
(101, 681200, 25, 0.00),
(101, 681200, 26, 0.00),
(101, 681200, 27, 0.00),
(101, 681200, 28, 0.00),
(101, 681200, 29, 0.00),
(101, 681200, 30, 0.00),
(101, 681200, 31, 0.00),
(101, 681200, 32, 0.00),
(101, 681200, 33, 0.00),
(101, 681200, 34, 0.00),
(101, 700000, 1, 0.00),
(101, 700000, 2, 0.00),
(101, 700000, 3, 0.00),
(101, 700000, 4, 0.00),
(101, 700000, 5, 0.00),
(101, 700000, 6, 0.00),
(101, 700000, 7, 0.00),
(101, 700000, 8, 0.00),
(101, 700000, 9, 0.00),
(101, 700000, 10, 0.00),
(101, 700000, 20, 0.00),
(101, 700000, 21, 0.00),
(101, 700000, 22, 0.00),
(101, 700000, 23, 0.00),
(101, 700000, 24, 0.00),
(101, 700000, 25, 0.00),
(101, 700000, 26, 0.00),
(101, 700000, 27, 0.00),
(101, 700000, 28, 0.00),
(101, 700000, 29, 0.00),
(101, 700000, 30, 0.00),
(101, 700000, 31, 0.00),
(101, 700000, 32, 0.00),
(101, 700000, 33, 0.00),
(101, 700000, 34, 0.00),
(101, 700100, 1, 0.00),
(101, 700100, 2, 0.00),
(101, 700100, 3, 0.00),
(101, 700100, 4, 0.00),
(101, 700100, 5, 0.00),
(101, 700100, 6, 0.00),
(101, 700100, 7, 0.00),
(101, 700100, 8, 0.00),
(101, 700100, 9, 0.00),
(101, 700100, 10, 0.00),
(101, 700100, 20, 0.00),
(101, 700100, 21, 0.00),
(101, 700100, 22, 0.00),
(101, 700100, 23, 0.00),
(101, 700100, 24, 0.00),
(101, 700100, 25, 0.00),
(101, 700100, 26, 0.00),
(101, 700100, 27, 0.00),
(101, 700100, 28, 0.00),
(101, 700100, 29, 0.00),
(101, 700100, 30, 0.00),
(101, 700100, 31, 0.00),
(101, 700100, 32, 0.00),
(101, 700100, 33, 0.00),
(101, 700100, 34, 0.00),
(101, 700200, 1, 0.00),
(101, 700200, 2, 0.00),
(101, 700200, 3, 0.00),
(101, 700200, 4, 0.00),
(101, 700200, 5, 0.00),
(101, 700200, 6, 0.00),
(101, 700200, 7, 0.00),
(101, 700200, 8, 0.00),
(101, 700200, 9, 0.00),
(101, 700200, 10, 0.00),
(101, 700200, 20, 0.00),
(101, 700200, 21, 0.00),
(101, 700200, 22, 0.00),
(101, 700200, 23, 0.00),
(101, 700200, 24, 0.00),
(101, 700200, 25, 0.00),
(101, 700200, 26, 0.00),
(101, 700200, 27, 0.00),
(101, 700200, 28, 0.00),
(101, 700200, 29, 0.00),
(101, 700200, 30, 0.00),
(101, 700200, 31, 0.00),
(101, 700200, 32, 0.00),
(101, 700200, 33, 0.00),
(101, 700200, 34, 0.00),
(101, 710000, 1, 0.00),
(101, 710000, 2, 0.00),
(101, 710000, 3, 0.00),
(101, 710000, 4, 0.00),
(101, 710000, 5, 0.00),
(101, 710000, 6, 0.00),
(101, 710000, 7, 0.00),
(101, 710000, 8, 0.00),
(101, 710000, 9, 0.00),
(101, 710000, 10, 0.00),
(101, 710000, 20, 0.00),
(101, 710000, 21, 0.00),
(101, 710000, 22, 0.00),
(101, 710000, 23, 0.00),
(101, 710000, 24, 0.00),
(101, 710000, 25, 0.00),
(101, 710000, 26, 0.00),
(101, 710000, 27, 0.00),
(101, 710000, 28, 0.00),
(101, 710000, 29, 0.00),
(101, 710000, 30, 0.00),
(101, 710000, 31, 0.00),
(101, 710000, 32, 0.00),
(101, 710000, 33, 0.00),
(101, 710000, 34, 0.00),
(101, 710100, 1, 0.00),
(101, 710100, 2, 0.00),
(101, 710100, 3, 0.00),
(101, 710100, 4, 0.00),
(101, 710100, 5, 0.00),
(101, 710100, 6, 0.00),
(101, 710100, 7, 0.00),
(101, 710100, 8, 0.00),
(101, 710100, 9, 0.00),
(101, 710100, 10, 0.00),
(101, 710100, 20, 0.00),
(101, 710100, 21, 0.00),
(101, 710100, 22, 0.00),
(101, 710100, 23, 0.00),
(101, 710100, 24, 0.00),
(101, 710100, 25, 0.00),
(101, 710100, 26, 0.00),
(101, 710100, 27, 0.00),
(101, 710100, 28, 0.00),
(101, 710100, 29, 0.00),
(101, 710100, 30, 0.00),
(101, 710100, 31, 0.00),
(101, 710100, 32, 0.00),
(101, 710100, 33, 0.00),
(101, 710100, 34, 0.00),
(101, 710200, 1, 0.00),
(101, 710200, 2, 0.00),
(101, 710200, 3, 0.00),
(101, 710200, 4, 0.00),
(101, 710200, 5, 0.00),
(101, 710200, 6, 0.00),
(101, 710200, 7, 0.00),
(101, 710200, 8, 0.00),
(101, 710200, 9, 0.00),
(101, 710200, 10, 0.00),
(101, 710200, 20, 0.00),
(101, 710200, 21, 0.00),
(101, 710200, 22, 0.00),
(101, 710200, 23, 0.00),
(101, 710200, 24, 0.00),
(101, 710200, 25, 0.00),
(101, 710200, 26, 0.00),
(101, 710200, 27, 0.00),
(101, 710200, 28, 0.00),
(101, 710200, 29, 0.00),
(101, 710200, 30, 0.00),
(101, 710200, 31, 0.00),
(101, 710200, 32, 0.00),
(101, 710200, 33, 0.00),
(101, 710200, 34, 0.00),
(101, 710300, 1, 0.00),
(101, 710300, 2, 0.00),
(101, 710300, 3, 0.00),
(101, 710300, 4, 0.00),
(101, 710300, 5, 0.00),
(101, 710300, 6, 0.00),
(101, 710300, 7, 0.00),
(101, 710300, 8, 0.00),
(101, 710300, 9, 0.00),
(101, 710300, 10, 0.00),
(101, 710300, 20, 0.00),
(101, 710300, 21, 0.00),
(101, 710300, 22, 0.00),
(101, 710300, 23, 0.00),
(101, 710300, 24, 0.00),
(101, 710300, 25, 0.00),
(101, 710300, 26, 0.00),
(101, 710300, 27, 0.00),
(101, 710300, 28, 0.00),
(101, 710300, 29, 0.00),
(101, 710300, 30, 0.00),
(101, 710300, 31, 0.00),
(101, 710300, 32, 0.00),
(101, 710300, 33, 0.00),
(101, 710300, 34, 0.00),
(101, 710400, 1, 0.00),
(101, 710400, 2, 0.00),
(101, 710400, 3, 0.00),
(101, 710400, 4, 0.00),
(101, 710400, 5, 0.00),
(101, 710400, 6, 0.00),
(101, 710400, 7, 0.00),
(101, 710400, 8, 0.00),
(101, 710400, 9, 0.00),
(101, 710400, 10, 0.00),
(101, 710400, 20, 0.00),
(101, 710400, 21, 0.00),
(101, 710400, 22, 0.00),
(101, 710400, 23, 0.00),
(101, 710400, 24, 0.00),
(101, 710400, 25, 0.00),
(101, 710400, 26, 0.00),
(101, 710400, 27, 0.00),
(101, 710400, 28, 0.00),
(101, 710400, 29, 0.00),
(101, 710400, 30, 0.00),
(101, 710400, 31, 0.00),
(101, 710400, 32, 0.00),
(101, 710400, 33, 0.00),
(101, 710400, 34, 0.00),
(101, 710500, 1, 0.00),
(101, 710500, 2, 0.00),
(101, 710500, 3, 0.00),
(101, 710500, 4, 0.00),
(101, 710500, 5, 0.00),
(101, 710500, 6, 0.00),
(101, 710500, 7, 0.00),
(101, 710500, 8, 0.00),
(101, 710500, 9, 0.00),
(101, 710500, 10, 0.00),
(101, 710500, 20, 0.00),
(101, 710500, 21, 0.00),
(101, 710500, 22, 0.00),
(101, 710500, 23, 0.00),
(101, 710500, 24, 0.00),
(101, 710500, 25, 0.00),
(101, 710500, 26, 0.00),
(101, 710500, 27, 0.00),
(101, 710500, 28, 0.00),
(101, 710500, 29, 0.00),
(101, 710500, 30, 0.00),
(101, 710500, 31, 0.00),
(101, 710500, 32, 0.00),
(101, 710500, 33, 0.00),
(101, 710500, 34, 0.00),
(101, 710600, 1, 0.00),
(101, 710600, 2, 0.00),
(101, 710600, 3, 0.00),
(101, 710600, 4, 0.00),
(101, 710600, 5, 0.00),
(101, 710600, 6, 0.00),
(101, 710600, 7, 0.00),
(101, 710600, 8, 0.00),
(101, 710600, 9, 0.00),
(101, 710600, 10, 0.00),
(101, 710600, 20, 0.00),
(101, 710600, 21, 0.00),
(101, 710600, 22, 0.00),
(101, 710600, 23, 0.00),
(101, 710600, 24, 0.00),
(101, 710600, 25, 0.00),
(101, 710600, 26, 0.00),
(101, 710600, 27, 0.00),
(101, 710600, 28, 0.00),
(101, 710600, 29, 0.00),
(101, 710600, 30, 0.00),
(101, 710600, 31, 0.00),
(101, 710600, 32, 0.00),
(101, 710600, 33, 0.00),
(101, 710600, 34, 0.00),
(101, 710700, 1, 0.00),
(101, 710700, 2, 0.00),
(101, 710700, 3, 0.00),
(101, 710700, 4, 0.00),
(101, 710700, 5, 0.00),
(101, 710700, 6, 0.00),
(101, 710700, 7, 0.00),
(101, 710700, 8, 0.00),
(101, 710700, 9, 0.00),
(101, 710700, 10, 0.00),
(101, 710700, 20, 0.00),
(101, 710700, 21, 0.00),
(101, 710700, 22, 0.00),
(101, 710700, 23, 0.00),
(101, 710700, 24, 0.00),
(101, 710700, 25, 0.00),
(101, 710700, 26, 0.00),
(101, 710700, 27, 0.00),
(101, 710700, 28, 0.00),
(101, 710700, 29, 0.00),
(101, 710700, 30, 0.00),
(101, 710700, 31, 0.00),
(101, 710700, 32, 0.00),
(101, 710700, 33, 0.00),
(101, 710700, 34, 0.00),
(101, 710800, 1, 0.00),
(101, 710800, 2, 0.00),
(101, 710800, 3, 0.00),
(101, 710800, 4, 0.00),
(101, 710800, 5, 0.00),
(101, 710800, 6, 0.00),
(101, 710800, 7, 0.00),
(101, 710800, 8, 0.00),
(101, 710800, 9, 0.00),
(101, 710800, 10, 0.00),
(101, 710800, 20, 0.00),
(101, 710800, 21, 0.00),
(101, 710800, 22, 0.00),
(101, 710800, 23, 0.00),
(101, 710800, 24, 0.00),
(101, 710800, 25, 0.00),
(101, 710800, 26, 0.00),
(101, 710800, 27, 0.00),
(101, 710800, 28, 0.00),
(101, 710800, 29, 0.00),
(101, 710800, 30, 0.00),
(101, 710800, 31, 0.00),
(101, 710800, 32, 0.00),
(101, 710800, 33, 0.00),
(101, 710800, 34, 0.00),
(101, 710900, 1, 0.00),
(101, 710900, 2, 0.00),
(101, 710900, 3, 0.00),
(101, 710900, 4, 0.00),
(101, 710900, 5, 0.00),
(101, 710900, 6, 0.00),
(101, 710900, 7, 0.00),
(101, 710900, 8, 0.00),
(101, 710900, 9, 0.00),
(101, 710900, 10, 0.00),
(101, 710900, 20, 0.00),
(101, 710900, 21, 0.00),
(101, 710900, 22, 0.00),
(101, 710900, 23, 0.00),
(101, 710900, 24, 0.00),
(101, 710900, 25, 0.00),
(101, 710900, 26, 0.00),
(101, 710900, 27, 0.00),
(101, 710900, 28, 0.00),
(101, 710900, 29, 0.00),
(101, 710900, 30, 0.00),
(101, 710900, 31, 0.00),
(101, 710900, 32, 0.00),
(101, 710900, 33, 0.00),
(101, 710900, 34, 0.00),
(101, 711000, 1, 0.00),
(101, 711000, 2, 0.00),
(101, 711000, 3, 0.00),
(101, 711000, 4, 0.00),
(101, 711000, 5, 0.00),
(101, 711000, 6, 0.00),
(101, 711000, 7, 0.00),
(101, 711000, 8, 0.00),
(101, 711000, 9, 0.00),
(101, 711000, 10, 0.00),
(101, 711000, 20, 0.00),
(101, 711000, 21, 0.00),
(101, 711000, 22, 0.00),
(101, 711000, 23, 0.00),
(101, 711000, 24, 0.00),
(101, 711000, 25, 0.00),
(101, 711000, 26, 0.00),
(101, 711000, 27, 0.00),
(101, 711000, 28, 0.00),
(101, 711000, 29, 0.00),
(101, 711000, 30, 0.00),
(101, 711000, 31, 0.00),
(101, 711000, 32, 0.00),
(101, 711000, 33, 0.00),
(101, 711000, 34, 0.00),
(101, 711100, 1, 0.00),
(101, 711100, 2, 0.00),
(101, 711100, 3, 0.00),
(101, 711100, 4, 0.00),
(101, 711100, 5, 0.00),
(101, 711100, 6, 0.00),
(101, 711100, 7, 0.00),
(101, 711100, 8, 0.00),
(101, 711100, 9, 0.00),
(101, 711100, 10, 0.00),
(101, 711100, 20, 0.00),
(101, 711100, 21, 0.00),
(101, 711100, 22, 0.00),
(101, 711100, 23, 0.00),
(101, 711100, 24, 0.00),
(101, 711100, 25, 0.00),
(101, 711100, 26, 0.00),
(101, 711100, 27, 0.00),
(101, 711100, 28, 0.00),
(101, 711100, 29, 0.00),
(101, 711100, 30, 0.00),
(101, 711100, 31, 0.00),
(101, 711100, 32, 0.00),
(101, 711100, 33, 0.00),
(101, 711100, 34, 0.00),
(101, 711200, 1, 0.00),
(101, 711200, 2, 0.00),
(101, 711200, 3, 0.00),
(101, 711200, 4, 0.00),
(101, 711200, 5, 0.00),
(101, 711200, 6, 0.00),
(101, 711200, 7, 0.00),
(101, 711200, 8, 0.00),
(101, 711200, 9, 0.00),
(101, 711200, 10, 0.00),
(101, 711200, 20, 0.00),
(101, 711200, 21, 0.00),
(101, 711200, 22, 0.00),
(101, 711200, 23, 0.00),
(101, 711200, 24, 0.00),
(101, 711200, 25, 0.00),
(101, 711200, 26, 0.00),
(101, 711200, 27, 0.00),
(101, 711200, 28, 0.00),
(101, 711200, 29, 0.00),
(101, 711200, 30, 0.00),
(101, 711200, 31, 0.00),
(101, 711200, 32, 0.00),
(101, 711200, 33, 0.00),
(101, 711200, 34, 0.00),
(101, 711300, 1, 0.00),
(101, 711300, 2, 0.00),
(101, 711300, 3, 0.00),
(101, 711300, 4, 0.00),
(101, 711300, 5, 0.00),
(101, 711300, 6, 0.00),
(101, 711300, 7, 0.00),
(101, 711300, 8, 0.00),
(101, 711300, 9, 0.00),
(101, 711300, 10, 0.00),
(101, 711300, 20, 0.00),
(101, 711300, 21, 0.00),
(101, 711300, 22, 0.00),
(101, 711300, 23, 0.00),
(101, 711300, 24, 0.00),
(101, 711300, 25, 0.00),
(101, 711300, 26, 0.00),
(101, 711300, 27, 0.00),
(101, 711300, 28, 0.00),
(101, 711300, 29, 0.00),
(101, 711300, 30, 0.00),
(101, 711300, 31, 0.00),
(101, 711300, 32, 0.00),
(101, 711300, 33, 0.00),
(101, 711300, 34, 0.00),
(101, 711400, 1, 0.00),
(101, 711400, 2, 0.00),
(101, 711400, 3, 0.00),
(101, 711400, 4, 0.00),
(101, 711400, 5, 0.00),
(101, 711400, 6, 0.00),
(101, 711400, 7, 0.00),
(101, 711400, 8, 0.00),
(101, 711400, 9, 0.00),
(101, 711400, 10, 0.00),
(101, 711400, 20, 0.00),
(101, 711400, 21, 0.00),
(101, 711400, 22, 0.00),
(101, 711400, 23, 0.00),
(101, 711400, 24, 0.00),
(101, 711400, 25, 0.00),
(101, 711400, 26, 0.00),
(101, 711400, 27, 0.00),
(101, 711400, 28, 0.00),
(101, 711400, 29, 0.00),
(101, 711400, 30, 0.00),
(101, 711400, 31, 0.00),
(101, 711400, 32, 0.00),
(101, 711400, 33, 0.00),
(101, 711400, 34, 0.00),
(101, 711500, 1, 0.00),
(101, 711500, 2, 0.00),
(101, 711500, 3, 0.00),
(101, 711500, 4, 0.00),
(101, 711500, 5, 0.00),
(101, 711500, 6, 0.00),
(101, 711500, 7, 0.00),
(101, 711500, 8, 0.00),
(101, 711500, 9, 0.00),
(101, 711500, 10, 0.00),
(101, 711500, 20, 0.00),
(101, 711500, 21, 0.00),
(101, 711500, 22, 0.00),
(101, 711500, 23, 0.00),
(101, 711500, 24, 0.00),
(101, 711500, 25, 0.00),
(101, 711500, 26, 0.00),
(101, 711500, 27, 0.00),
(101, 711500, 28, 0.00),
(101, 711500, 29, 0.00),
(101, 711500, 30, 0.00),
(101, 711500, 31, 0.00),
(101, 711500, 32, 0.00),
(101, 711500, 33, 0.00),
(101, 711500, 34, 0.00),
(101, 711619, 1, 0.00),
(101, 711619, 2, 0.00),
(101, 711619, 3, 0.00),
(101, 711619, 4, 0.00),
(101, 711619, 5, 0.00),
(101, 711619, 6, 0.00),
(101, 711619, 7, 0.00),
(101, 711619, 8, 0.00),
(101, 711619, 9, 0.00),
(101, 711619, 10, 0.00),
(101, 711619, 20, 0.00),
(101, 711619, 21, 0.00),
(101, 711619, 22, 0.00),
(101, 711619, 23, 0.00),
(101, 711619, 24, 0.00),
(101, 711619, 25, 0.00),
(101, 711619, 26, 0.00),
(101, 711619, 27, 0.00),
(101, 711619, 28, 0.00),
(101, 711619, 29, 0.00),
(101, 711619, 30, 0.00),
(101, 711619, 31, 0.00),
(101, 711619, 32, 0.00),
(101, 711619, 33, 0.00),
(101, 711619, 34, 0.00),
(101, 711720, 1, 0.00),
(101, 711720, 2, 0.00),
(101, 711720, 3, 0.00),
(101, 711720, 4, 0.00),
(101, 711720, 5, 0.00),
(101, 711720, 6, 0.00),
(101, 711720, 7, 0.00),
(101, 711720, 8, 0.00),
(101, 711720, 9, 0.00),
(101, 711720, 10, 0.00),
(101, 711720, 20, 0.00),
(101, 711720, 21, 0.00),
(101, 711720, 22, 0.00),
(101, 711720, 23, 0.00),
(101, 711720, 24, 0.00),
(101, 711720, 25, 0.00),
(101, 711720, 26, 0.00),
(101, 711720, 27, 0.00),
(101, 711720, 28, 0.00),
(101, 711720, 29, 0.00),
(101, 711720, 30, 0.00),
(101, 711720, 31, 0.00),
(101, 711720, 32, 0.00),
(101, 711720, 33, 0.00),
(101, 711720, 34, 0.00),
(101, 730000, 1, 0.00),
(101, 730000, 2, 0.00),
(101, 730000, 3, 0.00),
(101, 730000, 4, 0.00),
(101, 730000, 5, 0.00),
(101, 730000, 6, 0.00),
(101, 730000, 7, 0.00),
(101, 730000, 8, 0.00),
(101, 730000, 9, 0.00),
(101, 730000, 10, 0.00),
(101, 730000, 20, 0.00),
(101, 730000, 21, 0.00),
(101, 730000, 22, 0.00),
(101, 730000, 23, 0.00),
(101, 730000, 24, 0.00),
(101, 730000, 25, 0.00),
(101, 730000, 26, 0.00),
(101, 730000, 27, 0.00),
(101, 730000, 28, 0.00),
(101, 730000, 29, 0.00),
(101, 730000, 30, 0.00),
(101, 730000, 31, 0.00),
(101, 730000, 32, 0.00),
(101, 730000, 33, 0.00),
(101, 730000, 34, 0.00),
(101, 730100, 1, 0.00),
(101, 730100, 2, 0.00),
(101, 730100, 3, 0.00),
(101, 730100, 4, 0.00),
(101, 730100, 5, 0.00),
(101, 730100, 6, 0.00),
(101, 730100, 7, 0.00),
(101, 730100, 8, 0.00),
(101, 730100, 9, 0.00),
(101, 730100, 10, 0.00),
(101, 730100, 20, 0.00),
(101, 730100, 21, 0.00),
(101, 730100, 22, 0.00),
(101, 730100, 23, 0.00),
(101, 730100, 24, 0.00),
(101, 730100, 25, 0.00),
(101, 730100, 26, 0.00),
(101, 730100, 27, 0.00),
(101, 730100, 28, 0.00),
(101, 730100, 29, 0.00),
(101, 730100, 30, 0.00),
(101, 730100, 31, 0.00),
(101, 730100, 32, 0.00),
(101, 730100, 33, 0.00),
(101, 730100, 34, 0.00),
(101, 730200, 1, 0.00),
(101, 730200, 2, 0.00),
(101, 730200, 3, 0.00),
(101, 730200, 4, 0.00),
(101, 730200, 5, 0.00),
(101, 730200, 6, 0.00),
(101, 730200, 7, 0.00),
(101, 730200, 8, 0.00),
(101, 730200, 9, 0.00),
(101, 730200, 10, 0.00),
(101, 730200, 20, 0.00),
(101, 730200, 21, 0.00),
(101, 730200, 22, 0.00),
(101, 730200, 23, 0.00),
(101, 730200, 24, 0.00),
(101, 730200, 25, 0.00),
(101, 730200, 26, 0.00),
(101, 730200, 27, 0.00),
(101, 730200, 28, 0.00),
(101, 730200, 29, 0.00),
(101, 730200, 30, 0.00),
(101, 730200, 31, 0.00),
(101, 730200, 32, 0.00),
(101, 730200, 33, 0.00),
(101, 730200, 34, 0.00),
(101, 740000, 1, 0.00),
(101, 740000, 2, 0.00),
(101, 740000, 3, 0.00),
(101, 740000, 4, 0.00),
(101, 740000, 5, 0.00),
(101, 740000, 6, 0.00),
(101, 740000, 7, 0.00),
(101, 740000, 8, 0.00),
(101, 740000, 9, 0.00),
(101, 740000, 10, 0.00),
(101, 740000, 20, 0.00),
(101, 740000, 21, 0.00),
(101, 740000, 22, 0.00),
(101, 740000, 23, 0.00),
(101, 740000, 24, 0.00),
(101, 740000, 25, 0.00),
(101, 740000, 26, 0.00),
(101, 740000, 27, 0.00),
(101, 740000, 28, 0.00),
(101, 740000, 29, 0.00),
(101, 740000, 30, 0.00),
(101, 740000, 31, 0.00),
(101, 740000, 32, 0.00),
(101, 740000, 33, 0.00),
(101, 740000, 34, 0.00),
(101, 740100, 1, 0.00),
(101, 740100, 2, 0.00),
(101, 740100, 3, 0.00),
(101, 740100, 4, 0.00),
(101, 740100, 5, 0.00),
(101, 740100, 6, 0.00),
(101, 740100, 7, 0.00),
(101, 740100, 8, 0.00),
(101, 740100, 9, 0.00),
(101, 740100, 10, 0.00),
(101, 740100, 20, 0.00),
(101, 740100, 21, 0.00),
(101, 740100, 22, 0.00),
(101, 740100, 23, 0.00),
(101, 740100, 24, 0.00),
(101, 740100, 25, 0.00),
(101, 740100, 26, 0.00),
(101, 740100, 27, 0.00),
(101, 740100, 28, 0.00),
(101, 740100, 29, 0.00),
(101, 740100, 30, 0.00),
(101, 740100, 31, 0.00),
(101, 740100, 32, 0.00),
(101, 740100, 33, 0.00),
(101, 740100, 34, 0.00),
(101, 740200, 1, 0.00),
(101, 740200, 2, 0.00),
(101, 740200, 3, 0.00),
(101, 740200, 4, 0.00),
(101, 740200, 5, 0.00),
(101, 740200, 6, 0.00),
(101, 740200, 7, 0.00),
(101, 740200, 8, 0.00),
(101, 740200, 9, 0.00),
(101, 740200, 10, 0.00),
(101, 740200, 20, 0.00),
(101, 740200, 21, 0.00),
(101, 740200, 22, 0.00),
(101, 740200, 23, 0.00),
(101, 740200, 24, 0.00),
(101, 740200, 25, 0.00),
(101, 740200, 26, 0.00),
(101, 740200, 27, 0.00),
(101, 740200, 28, 0.00),
(101, 740200, 29, 0.00),
(101, 740200, 30, 0.00),
(101, 740200, 31, 0.00),
(101, 740200, 32, 0.00),
(101, 740200, 33, 0.00),
(101, 740200, 34, 0.00),
(101, 740300, 1, 0.00),
(101, 740300, 2, 0.00),
(101, 740300, 3, 0.00),
(101, 740300, 4, 0.00),
(101, 740300, 5, 0.00),
(101, 740300, 6, 0.00),
(101, 740300, 7, 0.00),
(101, 740300, 8, 0.00),
(101, 740300, 9, 0.00),
(101, 740300, 10, 0.00),
(101, 740300, 20, 0.00),
(101, 740300, 21, 0.00),
(101, 740300, 22, 0.00),
(101, 740300, 23, 0.00),
(101, 740300, 24, 0.00),
(101, 740300, 25, 0.00),
(101, 740300, 26, 0.00),
(101, 740300, 27, 0.00),
(101, 740300, 28, 0.00),
(101, 740300, 29, 0.00),
(101, 740300, 30, 0.00),
(101, 740300, 31, 0.00),
(101, 740300, 32, 0.00),
(101, 740300, 33, 0.00),
(101, 740300, 34, 0.00),
(101, 760000, 1, 0.00),
(101, 760000, 2, 0.00),
(101, 760000, 3, 0.00),
(101, 760000, 4, 0.00),
(101, 760000, 5, 0.00),
(101, 760000, 6, 0.00),
(101, 760000, 7, 0.00),
(101, 760000, 8, 0.00),
(101, 760000, 9, 0.00),
(101, 760000, 10, 0.00),
(101, 760000, 20, 0.00),
(101, 760000, 21, 0.00),
(101, 760000, 22, 0.00),
(101, 760000, 23, 0.00),
(101, 760000, 24, 0.00),
(101, 760000, 25, 0.00),
(101, 760000, 26, 0.00),
(101, 760000, 27, 0.00),
(101, 760000, 28, 0.00),
(101, 760000, 29, 0.00),
(101, 760000, 30, 0.00),
(101, 760000, 31, 0.00),
(101, 760000, 32, 0.00),
(101, 760000, 33, 0.00),
(101, 760000, 34, 0.00),
(101, 760100, 1, 0.00),
(101, 760100, 2, 0.00),
(101, 760100, 3, 0.00),
(101, 760100, 4, 0.00),
(101, 760100, 5, 0.00),
(101, 760100, 6, 0.00),
(101, 760100, 7, 0.00),
(101, 760100, 8, 0.00),
(101, 760100, 9, 0.00),
(101, 760100, 10, 0.00),
(101, 760100, 20, 0.00),
(101, 760100, 21, 0.00),
(101, 760100, 22, 0.00),
(101, 760100, 23, 0.00),
(101, 760100, 24, 0.00),
(101, 760100, 25, 0.00),
(101, 760100, 26, 0.00),
(101, 760100, 27, 0.00),
(101, 760100, 28, 0.00),
(101, 760100, 29, 0.00),
(101, 760100, 30, 0.00),
(101, 760100, 31, 0.00),
(101, 760100, 32, 0.00),
(101, 760100, 33, 0.00),
(101, 760100, 34, 0.00),
(101, 760200, 1, 0.00),
(101, 760200, 2, 0.00),
(101, 760200, 3, 0.00),
(101, 760200, 4, 0.00),
(101, 760200, 5, 0.00),
(101, 760200, 6, 0.00),
(101, 760200, 7, 0.00),
(101, 760200, 8, 0.00),
(101, 760200, 9, 0.00),
(101, 760200, 10, 0.00),
(101, 760200, 20, 0.00),
(101, 760200, 21, 0.00),
(101, 760200, 22, 0.00),
(101, 760200, 23, 0.00),
(101, 760200, 24, 0.00),
(101, 760200, 25, 0.00),
(101, 760200, 26, 0.00),
(101, 760200, 27, 0.00),
(101, 760200, 28, 0.00),
(101, 760200, 29, 0.00),
(101, 760200, 30, 0.00),
(101, 760200, 31, 0.00),
(101, 760200, 32, 0.00),
(101, 760200, 33, 0.00),
(101, 760200, 34, 0.00),
(101, 760300, 1, 0.00),
(101, 760300, 2, 0.00),
(101, 760300, 3, 0.00),
(101, 760300, 4, 0.00),
(101, 760300, 5, 0.00),
(101, 760300, 6, 0.00),
(101, 760300, 7, 0.00),
(101, 760300, 8, 0.00),
(101, 760300, 9, 0.00),
(101, 760300, 10, 0.00),
(101, 760300, 20, 0.00),
(101, 760300, 21, 0.00),
(101, 760300, 22, 0.00),
(101, 760300, 23, 0.00),
(101, 760300, 24, 0.00),
(101, 760300, 25, 0.00),
(101, 760300, 26, 0.00),
(101, 760300, 27, 0.00),
(101, 760300, 28, 0.00),
(101, 760300, 29, 0.00),
(101, 760300, 30, 0.00),
(101, 760300, 31, 0.00),
(101, 760300, 32, 0.00),
(101, 760300, 33, 0.00),
(101, 760300, 34, 0.00),
(101, 760400, 1, 0.00),
(101, 760400, 2, 0.00),
(101, 760400, 3, 0.00),
(101, 760400, 4, 0.00),
(101, 760400, 5, 0.00),
(101, 760400, 6, 0.00),
(101, 760400, 7, 0.00),
(101, 760400, 8, 0.00),
(101, 760400, 9, 0.00),
(101, 760400, 10, 0.00),
(101, 760400, 20, 0.00),
(101, 760400, 21, 0.00),
(101, 760400, 22, 0.00),
(101, 760400, 23, 0.00),
(101, 760400, 24, 0.00),
(101, 760400, 25, 0.00),
(101, 760400, 26, 0.00),
(101, 760400, 27, 0.00),
(101, 760400, 28, 0.00),
(101, 760400, 29, 0.00),
(101, 760400, 30, 0.00),
(101, 760400, 31, 0.00),
(101, 760400, 32, 0.00),
(101, 760400, 33, 0.00),
(101, 760400, 34, 0.00),
(101, 760500, 1, 0.00),
(101, 760500, 2, 0.00),
(101, 760500, 3, 0.00),
(101, 760500, 4, 0.00),
(101, 760500, 5, 0.00),
(101, 760500, 6, 0.00),
(101, 760500, 7, 0.00),
(101, 760500, 8, 0.00),
(101, 760500, 9, 0.00),
(101, 760500, 10, 0.00),
(101, 760500, 20, 0.00),
(101, 760500, 21, 0.00),
(101, 760500, 22, 0.00),
(101, 760500, 23, 0.00),
(101, 760500, 24, 0.00),
(101, 760500, 25, 0.00),
(101, 760500, 26, 0.00),
(101, 760500, 27, 0.00),
(101, 760500, 28, 0.00),
(101, 760500, 29, 0.00),
(101, 760500, 30, 0.00),
(101, 760500, 31, 0.00),
(101, 760500, 32, 0.00),
(101, 760500, 33, 0.00),
(101, 760500, 34, 0.00);

--
-- table `bika`.`country`
--
DROP TABLE IF EXISTS `country`;
CREATE TABLE `country` (
  `id` smallint unsigned NOT NULL AUTO_INCREMENT,
  `code` smallint unsigned NOT NULL,
  `country_en` varchar(45) NOT NULL,
  `country_fr` varchar(45) NOT NULL,
  PRIMARY KEY (`id`),
  UNIQUE KEY `code_unique` (`code`)
) ENGINE=InnoDB;

INSERT INTO `country`(`id`,`code`,`country_en`,`country_fr`) VALUES 
  (1,4,'Afghanistan','Afghanistan'),
  (2,8,'Albania','Albanie'),
  (3,10,'Antarctica','Antarctique'),
  (4,12,'Algeria','Algérie'),
  (5,16,'American Samoa','Samoa Américaines'),
  (6,20,'Andorra','Andorre'),
  (7,24,'Angola','Angola'),
  (8,28,'Antigua and Barbuda','Antigua-et-Barbuda'),
  (9,31,'Azerbaijan','Azerbaïdjan'),
  (10,32,'Argentina','Argentine'),
  (11,36,'Australia','Australie'),
  (12,40,'Austria','Autriche'),
  (13,44,'Bahamas','Bahamas'),
  (14,48,'Bahrain','Bahreïn'),
  (15,50,'Bangladesh','Bangladesh'),
  (16,51,'Armenia','Arménie'),
  (17,52,'Barbados','Barbade'),
  (18,56,'Belgium','Belgique'),
  (19,60,'Bermuda','Bermudes'),
  (20,64,'Bhutan','Bhoutan'),
  (21,68,'Bolivia','Bolivie'),
  (22,70,'Bosnia and Herzegovina','Bosnie-Herzégovine'),
  (23,72,'Botswana','Botswana'),
  (24,74,'Bouvet Island','Île Bouvet'),
  (25,76,'Brazil','Brésil'),
  (26,84,'Belize','Belize'),
  (27,86,'British Indian Ocean Territory','Territoire Britannique de l\'Océan Indien'),
  (28,90,'Solomon Islands','Îles Salomon'),
  (29,92,'British Virgin Islands','Îles Vierges Britanniques'),
  (30,96,'Brunei Darussalam','Brunéi Darussalam'),
  (31,100,'Bulgaria','Bulgarie'),
  (32,104,'Myanmar','Myanmar'),
  (33,108,'Burundi','Burundi'),
  (34,112,'Belarus','Bélarus'),
  (35,116,'Cambodia','Cambodge'),
  (36,120,'Cameroon','Cameroun'),
  (37,124,'Canada','Canada'),
  (38,132,'Cape Verde','Cap-vert'),
  (39,136,'Cayman Islands','Îles Caïmanes'),
  (40,140,'Central African','République Centrafricaine'),
  (41,144,'Sri Lanka','Sri Lanka'),
  (42,148,'Chad','Tchad'),
  (43,152,'Chile','Chili'),
  (44,156,'China','Chine'),
  (45,158,'Taiwan','Taïwan'),
  (46,162,'Christmas Island','Île Christmas'),
  (47,166,'Cocos (Keeling) Islands','Îles Cocos (Keeling)'),
  (48,170,'Colombia','Colombie'),
  (49,174,'Comoros','Comores'),
  (50,175,'Mayotte','Mayotte'),
  (51,178,'Republic of the Congo','République du Congo'),
  (52,180,'The Democratic Republic Of The Congo','République Démocratique du Congo'),
  (53,184,'Cook Islands','Îles Cook'),
  (54,188,'Costa Rica','Costa Rica'),
  (55,191,'Croatia','Croatie'),
  (56,192,'Cuba','Cuba'),
  (57,196,'Cyprus','Chypre'),
  (58,203,'Czech Republic','République Tchèque'),
  (59,204,'Benin','Bénin'),
  (60,208,'Denmark','Danemark'),
  (61,212,'Dominica','Dominique'),
  (62,214,'Dominican Republic','République Dominicaine'),
  (63,218,'Ecuador','Équateur'),
  (64,222,'El Salvador','El Salvador'),
  (65,226,'Equatorial Guinea','Guinée Équatoriale'),
  (66,231,'Ethiopia','Éthiopie'),
  (67,232,'Eritrea','Érythrée'),
  (68,233,'Estonia','Estonie'),
  (69,234,'Faroe Islands','Îles Féroé'),
  (70,238,'Falkland Islands','Îles (malvinas) Falkland'),
  (71,239,'South Georgia and the South Sandwich Islands','Géorgie du Sud et les Îles Sandwich du Sud'),
  (72,242,'Fiji','Fidji'),
  (73,246,'Finland','Finlande'),
  (74,248,'Åland Islands','Îles Åland'),
  (75,250,'France','France'),
  (76,254,'French Guiana','Guyane Française'),
  (77,258,'French Polynesia','Polynésie Française'),
  (78,260,'French Southern Territories','Terres Australes Françaises'),
  (79,262,'Djibouti','Djibouti'),
  (80,266,'Gabon','Gabon'),
  (81,268,'Georgia','Géorgie'),
  (82,270,'Gambia','Gambie'),
  (83,275,'Occupied Palestinian Territory','Territoire Palestinien Occupé'),
  (84,276,'Germany','Allemagne'),
  (85,288,'Ghana','Ghana'),
  (86,292,'Gibraltar','Gibraltar'),
  (87,296,'Kiribati','Kiribati'),
  (88,300,'Greece','Grèce'),
  (89,304,'Greenland','Groenland'),
  (90,308,'Grenada','Grenade'),
  (91,312,'Guadeloupe','Guadeloupe'),
  (92,316,'Guam','Guam'),
  (93,320,'Guatemala','Guatemala'),
  (94,324,'Guinea','Guinée'),
  (95,328,'Guyana','Guyana'),
  (96,332,'Haiti','Haïti'),
  (97,334,'Heard Island and McDonald Islands','Îles Heard et Mcdonald'),
  (98,336,'Vatican City State','Saint-Siège (état de la Cité du Vatican)'),
  (99,340,'Honduras','Honduras'),
  (100,344,'Hong Kong','Hong-Kong'),
  (101,348,'Hungary','Hongrie'),
  (102,352,'Iceland','Islande'),
  (103,356,'India','Inde'),
  (104,360,'Indonesia','Indonésie'),
  (105,364,'Islamic Republic of Iran','République Islamique d\'Iran'),
  (106,368,'Iraq','Iraq'),
  (107,372,'Ireland','Irlande'),
  (108,376,'Israel','Israël'),
  (109,380,'Italy','Italie'),
  (110,384,'Côte d\'Ivoire','Côte d\'Ivoire'),
  (111,388,'Jamaica','Jamaïque'),
  (112,392,'Japan','Japon'),
  (113,398,'Kazakhstan','Kazakhstan'),
  (114,400,'Jordan','Jordanie'),
  (115,404,'Kenya','Kenya'),
  (116,408,'Democratic People\'s Republic of Korea','République Populaire Démocratique de Corée'),
  (117,410,'Republic of Korea','République de Corée'),
  (118,414,'Kuwait','Koweït'),
  (119,417,'Kyrgyzstan','Kirghizistan'),
  (120,418,'Lao People\'s Democratic Republic','République Démocratique Populaire Lao'),
  (121,422,'Lebanon','Liban'),
  (122,426,'Lesotho','Lesotho'),
  (123,428,'Latvia','Lettonie'),
  (124,430,'Liberia','Libéria'),
  (125,434,'Libyan Arab Jamahiriya','Jamahiriya Arabe Libyenne'),
  (126,438,'Liechtenstein','Liechtenstein'),
  (127,440,'Lithuania','Lituanie'),
  (128,442,'Luxembourg','Luxembourg'),
  (129,446,'Macao','Macao'),
  (130,450,'Madagascar','Madagascar'),
  (131,454,'Malawi','Malawi'),
  (132,458,'Malaysia','Malaisie'),
  (133,462,'Maldives','Maldives'),
  (134,466,'Mali','Mali'),
  (135,470,'Malta','Malte'),
  (136,474,'Martinique','Martinique'),
  (137,478,'Mauritania','Mauritanie'),
  (138,480,'Mauritius','Maurice'),
  (139,484,'Mexico','Mexique'),
  (140,492,'Monaco','Monaco'),
  (141,496,'Mongolia','Mongolie'),
  (142,498,'Republic of Moldova','République de Moldova'),
  (143,500,'Montserrat','Montserrat'),
  (144,504,'Morocco','Maroc'),
  (145,508,'Mozambique','Mozambique'),
  (146,512,'Oman','Oman'),
  (147,516,'Namibia','Namibie'),
  (148,520,'Nauru','Nauru'),
  (149,524,'Nepal','Népal'),
  (150,528,'Netherlands','country-Bas'),
  (151,530,'Netherlands Antilles','Antilles Néerlandaises'),
  (152,533,'Aruba','Aruba'),
  (153,540,'New Caledonia','Nouvelle-Calédonie'),
  (154,548,'Vanuatu','Vanuatu'),
  (155,554,'New Zealand','Nouvelle-Zélande'),
  (156,558,'Nicaragua','Nicaragua'),
  (157,562,'Niger','Niger'),
  (158,566,'Nigeria','Nigéria'),
  (159,570,'Niue','Niué'),
  (160,574,'Norfolk Island','Île Norfolk'),
  (161,578,'Norway','Norvège'),
  (162,580,'Northern Mariana Islands','Îles Mariannes du Nord'),
  (163,581,'United States Minor Outlying Islands','Îles Mineures Éloignées des États-Unis'),
  (164,583,'Federated States of Micronesia','États Fédérés de Micronésie'),
  (165,584,'Marshall Islands','Îles Marshall'),
  (166,585,'Palau','Palaos'),
  (167,586,'Pakistan','Pakistan'),
  (168,591,'Panama','Panama'),
  (169,598,'Papua New Guinea','Papouasie-Nouvelle-Guinée'),
  (170,600,'Paraguay','Paraguay'),
  (171,604,'Peru','Pérou'),
  (172,608,'Philippines','Philippines'),
  (173,612,'Pitcairn','Pitcairn'),
  (174,616,'Poland','Pologne'),
  (175,620,'Portugal','Portugal'),
  (176,624,'Guinea-Bissau','Guinée-Bissau'),
  (177,626,'Timor-Leste','Timor-Leste'),
  (178,630,'Puerto Rico','Porto Rico'),
  (179,634,'Qatar','Qatar'),
  (180,638,'Réunion','Réunion'),
  (181,642,'Romania','Roumanie'),
  (182,643,'Russian Federation','Fédération de Russie'),
  (183,646,'Rwanda','Rwanda'),
  (184,654,'Saint Helena','Sainte-Hélène'),
  (185,659,'Saint Kitts and Nevis','Saint-Kitts-et-Nevis'),
  (186,660,'Anguilla','Anguilla'),
  (187,662,'Saint Lucia','Sainte-Lucie'),
  (188,666,'Saint-Pierre and Miquelon','Saint-Pierre-et-Miquelon'),
  (189,670,'Saint Vincent and the Grenadines','Saint-Vincent-et-les Grenadines'),
  (190,674,'San Marino','Saint-Marin'),
  (191,678,'Sao Tome and Principe','Sao Tomé-et-Principe'),
  (192,682,'Saudi Arabia','Arabie Saoudite'),
  (193,686,'Senegal','Sénégal'),
  (194,690,'Seychelles','Seychelles'),
  (195,694,'Sierra Leone','Sierra Leone'),
  (196,702,'Singapore','Singapour'),
  (197,703,'Slovakia','Slovaquie'),
  (198,704,'Vietnam','Viet Nam'),
  (199,705,'Slovenia','Slovénie'),
  (200,706,'Somalia','Somalie'),
  (201,710,'South Africa','Afrique du Sud'),
  (202,716,'Zimbabwe','Zimbabwe'),
  (203,724,'Spain','Espagne'),
  (204,732,'Western Sahara','Sahara Occidental'),
  (205,736,'Sudan','Soudan'),
  (206,740,'Suriname','Suriname'),
  (207,744,'Svalbard and Jan Mayen','Svalbard etÎle Jan Mayen'),
  (208,748,'Swaziland','Swaziland'),
  (209,752,'Sweden','Suède'),
  (210,756,'Switzerland','Suisse'),
  (211,760,'Syrian Arab Republic','République Arabe Syrienne'),
  (212,762,'Tajikistan','Tadjikistan'),
  (213,764,'Thailand','Thaïlande'),
  (214,768,'Togo','Togo'),
  (215,772,'Tokelau','Tokelau'),
  (216,776,'Tonga','Tonga'),
  (217,780,'Trinidad and Tobago','Trinité-et-Tobago'),
  (218,784,'United Arab Emirates','Émirats Arabes Unis'),
  (219,788,'Tunisia','Tunisie'),
  (220,792,'Turkey','Turquie'),
  (221,795,'Turkmenistan','Turkménistan'),
  (222,796,'Turks and Caicos Islands','Îles Turks et Caïques'),
  (223,798,'Tuvalu','Tuvalu'),
  (224,800,'Uganda','Ouganda'),
  (225,804,'Ukraine','Ukraine'),
  (226,807,'The Former Yugoslav Republic of Macedonia','L\'ex-République Yougoslave de Macédoine'),
  (227,818,'Egypt','Égypte'),
  (228,826,'United Kingdom','Royaume-Uni'),
  (229,833,'Isle of Man','Île de Man'),
  (230,834,'United Republic Of Tanzania','République-Unie de Tanzanie'),
  (231,840,'United States','États-Unis'),
  (232,850,'U.S. Virgin Islands','Îles Vierges des États-Unis'),
  (233,854,'Burkina Faso','Burkina Faso'),
  (234,858,'Uruguay','Uruguay'),
  (235,860,'Uzbekistan','Ouzbékistan'),
  (236,862,'Venezuela','Venezuela'),
  (237,876,'Wallis and Futuna','Wallis et Futuna'),
  (238,882,'Samoa','Samoa'),
  (239,887,'Yemen','Yémen'),
  (240,891,'Serbia and Montenegro','Serbie-et-Monténégro'),
  (241,894,'Zambia','Zambie');

/* Table bika.location */ 	
DROP TABLE IF EXISTS `location`;
CREATE TABLE `location` (
  `id` smallint unsigned NOT NULL AUTO_INCREMENT,
  `city` varchar(45) DEFAULT NULL,
  `region` varchar(45) DEFAULT NULL,
  `country_code` smallint unsigned NOT NULL,
  `zone` varchar(45) DEFAULT NULL,
  `village` varchar(45) DEFAULT NULL,
  PRIMARY KEY (`id`),
  KEY `country_code` (`country_code`)
--  CONSTRAINT `location_ibfk_1` FOREIGN KEY `country_code` REFERENCES `country` (`code`)
) ENGINE=InnoDB;

/*Data for the table `location` */

INSERT INTO `location`(`id`,`city`,`region`,`country_code`, `zone`, `village`) VALUES 
  (1,'Kinshasa','Kinshasa',52, null, null),
  (2,'Lubumbashi','Katanga',52, null, null),
  (3,'Mbuji-Mayi','Kasaï-Oriental',52, null, null),
  (4,'Kananga','Kasaï-Occidental',52, null, null),
  (5,'Kisangani','Orientale',52, null, null),
  (6,'Bukavu','Sud-Kivu',52, null, null),
  (7,'Tshikapa','Kasaï-Occidental',52, null, null),
  (8,'Kolwezi','Katanga',52, null, null),
  (9,'Likasi','Katanga',52, null, null),
  (10,'Goma','Nord-Kivu',52, null, null), 
  (11,'Kikwit','Bandundu',52, null, null),
  (12,'Uvira','Sud-Kivu',52, null, null),
  (13,'Bunia','Orientale',52, null, null),
  (14,'Mbandaka','Équateur',52, null, null),
  (15,'Matadi','Bas-Congo',52, null, null),
  (16,'Kabinda','Kasaï-Oriental',52, null, null),
  (17,'Butembo','Nord-Kivu',52, null, null),
  (18,'Mwene-Ditu','Kasaï-Oriental',52, null, null),
  (19,'Isiro','Orientale',52, null, null),
  (20,'Kindu','Maniema',52, null, null), 
  (21,'Boma','Bas-Congo',52, null, null),
  (22,'Kamina','Katanga',52, null, null),
  (23,'Gandajika','Kasaï-Oriental',52, null, null),
  (24,'Bandundu','Bandundu',52, null, null),
  (25,'Gemena','Équateur',52, null, null),
  (26,'Kipushi','Katanga',52, null, null),
  (27,'Bumba','Équateur',52, null, null),
  (28,'Mbanza-Ngungu','Bas-Congo',52, null, null);

--
-- table `bika`.`payment`
--    describes the amount of time you can go with paying
-- months is mediumint to allow "infinite" amount of time
DROP TABLE IF EXISTS `payment`;
CREATE TABLE IF NOT EXISTS `payment` (
  `id`        tinyint unsigned NOT NULL,
  `days`      smallint unsigned DEFAULT 0,
  `months`    mediumint unsigned DEFAULT 0,
  `text`      varchar(50) NOT NULL,
  `note`      text,
  PRIMARY KEY (`id`)
) ENGINE=Innodb;

INSERT INTO `payment` (`id`, `days`, `months`, `text`, `note`) VALUES
  (1, 14, 0, "Two Weeks", ""),
  (2, 0, 1, "One Month", "");

--
-- Table `bika`.`organisation`
--

-- NOTE the british spelling.  This one's for you, steve.
DROP TABLE IF EXISTS `organisation`;
CREATE TABLE IF NOT EXISTS `organisation` (
  `id`  smallint unsigned NOT NULL,
  `enterprise_id` smallint unsigned NOT NULL,
  `name` varchar(100) NOT NULL,
  `account_number` mediumint unsigned NOT NULL,
  `location_id` smallint unsigned NOT NULL,
  `address_1`  varchar(150),
  `address_2` varchar(150),
  `payment_id` tinyint unsigned NOT NULL,
  `phone` varchar(10),
  `email` varchar(30),
  `locked` tinyint(1) DEFAULT '0',
  PRIMARY KEY (`id`),
  KEY `enterprise_id` (`enterprise_id`),
  KEY `account_number` (`account_number`),
  KEY `location_id` (`location_id`),
  KEY `payment_id` (`payment_id`),
  CONSTRAINT `organisation_ibfk_1` FOREIGN KEY (`enterprise_id`) REFERENCES `enterprise` (`id`) ON DELETE CASCADE ON UPDATE CASCADE,
  CONSTRAINT `organisation_ibfk_2` FOREIGN KEY (`account_number`) REFERENCES `account` (`id`) ON DELETE CASCADE ON UPDATE CASCADE,
  CONSTRAINT `organisation_ibfk_3` FOREIGN KEY (`location_id`) REFERENCES `location` (`id`) ON DELETE CASCADE ON UPDATE CASCADE,
  CONSTRAINT `organisation_ibfk_4` FOREIGN KEY (`payment_id`) REFERENCES `payment` (`id`) ON DELETE CASCADE ON UPDATE CASCADE
) ENGINE=InnoDB;

INSERT INTO `organisation` (`id`, `enterprise_id`, `name`, `account_number`, `location_id`, `address_1`, `address_2`, `payment_id`, `phone`, `email`, `locked`) VALUES
  (1, 101, "Bureau Centrale de Zone", 410100, 1, null, null, 2, null, null, 0),
  (2, 101, "ITM Vanga", 410200, 1, null, null, 1, null, null, 0),
  (3, 101, "All Patients", 600100, 1, null, null, 1, null, null, 0);

--
-- Table `bika`.`patient`
--
-- NOTE the british spelling of organisation.  It's still for you, steve.
DROP TABLE IF EXISTS `patient`;
CREATE TABLE IF NOT EXISTS `patient` (
  `id` int unsigned NOT NULL,
  `organisation_id` smallint unsigned NOT NULL,
  `first_name` varchar(150) NOT NULL,
  `last_name` varchar(150) NOT NULL,
  `dob` date NOT NULL,
  `parent_name` varchar(150),
  `sex` char(1) NOT NULL, -- 'm' or 'f'
  `religion` varchar(50) NOT NULL,
  `marital_status` varchar(50),
  `phone` varchar(12),
  `email` varchar(20),
  `addr_1` varchar(100),
  `addr_2` varchar(100),
  `village` varchar(100),
  `zone` varchar(100),
  `city` varchar(100),
  `country` varchar(100),
  PRIMARY KEY (`id`),
  KEY `first_name` (`first_name`),
  KEY `organisation_id` (`organisation_id`),
  CONSTRAINT `patient_ibfk_1` FOREIGN KEY (`organisation_id`) REFERENCES `organisation` (`id`) ON UPDATE CASCADE
) ENGINE=InnoDB;

INSERT INTO `patient` (`id`, `organisation_id`, `first_name`, `last_name`, `dob`, `parent_name`, `sex`, `religion`, `marital_status`, `phone`, `email`, `addr_1`, `addr_2`, `village`, `zone`, `city`, `country`) VALUES 
  (1, 3, "Steven", "Fountain", '1993-02-08', "Paul", "m", "christian", "single", null, "sfount@example.com", null, null, "Vanga", "Vanga", "Kikwit", "Republic Democratic du Congo"),
  (2, 3, "Jonathan", "Niles", '1992-06-07', "Wayne", "m", "christian", "single", null, "jniles@example.com", null, null, "Cafu La Mour", "Nord", "Cap Haitian", "Haiti"),
  (3, 3, "Dedrick", "Kitamuka", '1988-05-16', "Deiu", "m", "catholic", "single", null, "kitamuka@example.com", null, null, "Kinshasa", "Ngili", "Kinshasa", "Republic Democratic du Congo"),
  (4, 3, "Chris", "Niles", '1990-05-19', "Wayne", "m", "christian", "divorced", null, "cniles@example.com", null, null, "Vanga", "Vanga", "Kikwit", "Republic Democratic du Congo");

--
-- table `bika`.`transaction`
--
DROP TABLE IF EXISTS `transaction`;
CREATE TABLE IF NOT EXISTS `transaction` (
  `enterprise_id` smallint unsigned NOT NULL,
  `fiscal_year_id` mediumint unsigned NOT NULL,
  `id` int unsigned NOT NULL,
  `invoice_number` int unsigned NOT NULL,
  `journal_id` mediumint unsigned NOT NULL,
  `account_number` mediumint unsigned NOT NULL,
  `debit` mediumint unsigned NOT NULL,
  `credit` mediumint unsigned NOT NULL,
  `currency` tinyint unsigned NOT NULL,
  `organisation_id` smallint unsigned NOT NULL,
  `text` text,
  `date` date NOT NULL,
  PRIMARY KEY (`id`),
  KEY `enterprise_id` (`enterprise_id`),
  KEY `fiscal_year_id` (`fiscal_year_id`),
  KEY `journal_id` (`journal_id`),
  KEY `account_number` (`account_number`),
  KEY `currency` (`currency`),
  KEY `organisation_id` (`organisation_id`),
  CONSTRAINT `transaction_ibfk_1` FOREIGN KEY (`enterprise_id`) REFERENCES `enterprise` (`id`) ON UPDATE CASCADE ON DELETE CASCADE,
  CONSTRAINT `transaction_ibfk_2` FOREIGN KEY (`fiscal_year_id`) REFERENCES `fiscal_year` (`id`) ON UPDATE CASCADE,
  CONSTRAINT `transaction_ibfk_3` FOREIGN KEY (`journal_id`) REFERENCES `journal` (`id`),
  CONSTRAINT `transaction_ibfk_4` FOREIGN KEY (`account_number`) REFERENCES `account` (`id`),
  CONSTRAINT `transaction_ibfk_5` FOREIGN KEY (`currency`) REFERENCES `currency` (`id`),
  CONSTRAINT `transaction_ibfk_6` FOREIGN KEY (`organisation_id`) REFERENCES `organisation` (`id`)
) ENGINE=InnoDB;
